{
"type": "FeatureCollection",
"name": "chapinero",
"crs": { "type": "name", "properties": { "name": "urn:ogc:def:crs:OGC:1.3:CRS84" } },
"features": [
{ "type": "Feature", "properties": { "LocNombre": "CHAPINERO", "LocAAdmini": "Acuerdo 8 de 1977 y Res 1751 de 2016", "LocArea": 38008914.994199999, "LocCodigo": "02", "SHAPE_Leng": 0.33396615612000002, "SHAPE_Area": 0.00309529269 }, "geometry": { "type": "MultiPolygon", "coordinates": [ [ [ [ -74.01116193799993, 4.664585312000042 ], [ -74.011536632999935, 4.664611074000049 ], [ -74.01163062899991, 4.664604863000079 ], [ -74.011736125999903, 4.664513456000066 ], [ -74.011857509999913, 4.664464299000088 ], [ -74.012025931999915, 4.664332748000049 ], [ -74.012289406999912, 4.664183508000065 ], [ -74.012451210999927, 4.664126400000043 ], [ -74.012557811999898, 4.664105461000077 ], [ -74.012643471999922, 4.664095943000063 ], [ -74.012702481999952, 4.664065486000084 ], [ -74.012778062999928, 4.664045335000083 ], [ -74.012849142999926, 4.664076627000043 ], [ -74.012897921999922, 4.664114698000049 ], [ -74.012987756999905, 4.664145640000072 ], [ -74.013079950999952, 4.664174185000093 ], [ -74.013144195999928, 4.664215825000042 ], [ -74.013218349999931, 4.66422919300004 ], [ -74.013309568999944, 4.664230103000079 ], [ -74.013489217999904, 4.66419084100005 ], [ -74.013631423999925, 4.664130207000085 ], [ -74.013824231999934, 4.664113325000073 ], [ -74.013926310999921, 4.664051935000089 ], [ -74.0139613529999, 4.664014723000093 ], [ -74.013978228999918, 4.664001978000044 ], [ -74.014164482999945, 4.663861329000042 ], [ -74.014477425999928, 4.663678916000038 ], [ -74.014967519999914, 4.663399490000074 ], [ -74.015179226999919, 4.663320267000074 ], [ -74.015209377999952, 4.663308984000082 ], [ -74.015400266999904, 4.66318868500008 ], [ -74.015558214999942, 4.663166593000085 ], [ -74.01568077099995, 4.663149451000038 ], [ -74.015824342999906, 4.663129371000082 ], [ -74.015932818999943, 4.663024589000088 ], [ -74.016021803999934, 4.662909661000072 ], [ -74.016066860999899, 4.66275131000009 ], [ -74.016138245999912, 4.662601404000043 ], [ -74.016238182999928, 4.662458637000043 ], [ -74.016348827999934, 4.662362268000038 ], [ -74.016463040999952, 4.662258761000089 ], [ -74.016648639999914, 4.662130270000091 ], [ -74.016820555999914, 4.662013841000089 ], [ -74.016994838999949, 4.661998751000056 ], [ -74.017161508999948, 4.661951882000039 ], [ -74.017454745999942, 4.661970607000057 ], [ -74.01782653999993, 4.661947855000051 ], [ -74.018315867999945, 4.661917911000046 ], [ -74.018416462999937, 4.66189019400008 ], [ -74.018521179999937, 4.661907744000075 ], [ -74.0186164939999, 4.661954755000068 ], [ -74.018707478999943, 4.661999064000042 ], [ -74.018799643999898, 4.662095351000062 ], [ -74.018947426999944, 4.662182871000084 ], [ -74.019071311999937, 4.662252290000083 ], [ -74.019301643999938, 4.662332239000079 ], [ -74.019535020999911, 4.662383159000058 ], [ -74.019808658999921, 4.662472389000072 ], [ -74.019968662999929, 4.662541660000045 ], [ -74.020136517999902, 4.662680019000049 ], [ -74.020308345999922, 4.662725207000051 ], [ -74.020468959999903, 4.662757925000051 ], [ -74.020665264999934, 4.662763874000063 ], [ -74.020834801999911, 4.662760899000091 ], [ -74.021025158999919, 4.662751976000038 ], [ -74.021147106999933, 4.662775771000042 ], [ -74.02126607799994, 4.662829308000084 ], [ -74.021371574999932, 4.66285316200009 ], [ -74.021527429999935, 4.662879337000049 ], [ -74.021768945999952, 4.662932875000081 ], [ -74.021931177999932, 4.662938516000054 ], [ -74.022076324999944, 4.662936137000088 ], [ -74.022202436999919, 4.662940896000066 ], [ -74.022362216999909, 4.662961567000082 ], [ -74.022606111999949, 4.662992500000087 ], [ -74.022934477999911, 4.663010346000078 ], [ -74.023116506999941, 4.662993690000064 ], [ -74.023387192999905, 4.663009184000089 ], [ -74.023722696999926, 4.663002046000088 ], [ -74.023909483999944, 4.662983010000062 ], [ -74.024638, 4.663024 ], [ -74.024962395999921, 4.663116260000038 ], [ -74.025046832999919, 4.663148 ], [ -74.025208670999916, 4.663141244000087 ], [ -74.02530622799992, 4.663124588000073 ], [ -74.025319314999933, 4.663098414000046 ], [ -74.02531336699991, 4.66298776900004 ], [ -74.025321694999946, 4.66283786300005 ], [ -74.025311332999934, 4.662707166000075 ], [ -74.025259114999926, 4.662600392000058 ], [ -74.025211013999922, 4.662560196000072 ], [ -74.025048258999902, 4.662465970000085 ], [ -74.024961170999916, 4.662390303000052 ], [ -74.024912629999903, 4.662338907000048 ], [ -74.024901207999903, 4.662277517000064 ], [ -74.024921195999923, 4.662154736000048 ], [ -74.024954866999906, 4.661965318000057 ], [ -74.024992424999937, 4.661942790000069 ], [ -74.025069905999942, 4.661906115000079 ], [ -74.02520734299992, 4.661795270000084 ], [ -74.025341191999928, 4.661701862000086 ], [ -74.025392328999942, 4.661605081000062 ], [ -74.02543036599991, 4.661471978000066 ], [ -74.025439441999936, 4.661272433000079 ], [ -74.025506542999949, 4.661142514000062 ], [ -74.025573188999942, 4.661020742000062 ], [ -74.025643603999924, 4.660869116000072 ], [ -74.025711250999905, 4.660762961000046 ], [ -74.025822718999905, 4.660665993000066 ], [ -74.02590631399994, 4.660538901000052 ], [ -74.025944979999906, 4.660440748000042 ], [ -74.026034208999931, 4.660211725000067 ], [ -74.026004465999904, 4.66003921500004 ], [ -74.02596877499991, 4.659765576000041 ], [ -74.025912262999952, 4.659536552000077 ], [ -74.025855749999948, 4.659402708000073 ], [ -74.025846826999953, 4.659245069000065 ], [ -74.025781390999953, 4.658953586000052 ], [ -74.025748673999942, 4.65861153700007 ], [ -74.025712982999949, 4.658317079000085 ], [ -74.0256624189999, 4.658013698000047 ], [ -74.025635649999913, 4.657757906000086 ], [ -74.025617802999932, 4.657457499000088 ], [ -74.025625358999946, 4.657199952000042 ], [ -74.025575270999923, 4.657029464000061 ], [ -74.0255728919999, 4.656912870000042 ], [ -74.025593116999914, 4.656782 ], [ -74.025643085999945, 4.656660647000081 ], [ -74.025740643999939, 4.656540484000061 ], [ -74.025832371999911, 4.656457561000082 ], [ -74.025943016999918, 4.65639331400007 ], [ -74.026052114999914, 4.656341799000074 ], [ -74.026204876999941, 4.65628326500007 ], [ -74.026326228999949, 4.656274699000051 ], [ -74.026481845999911, 4.656247573000087 ], [ -74.026573216999907, 4.656174761000045 ], [ -74.026606052999909, 4.656153346000053 ], [ -74.026677437999922, 4.656081963000076 ], [ -74.026750248999917, 4.656027710000046 ], [ -74.026840548999928, 4.655963108000037 ], [ -74.026976177999927, 4.655910284000072 ], [ -74.027121801999897, 4.655898863000061 ], [ -74.02719318599992, 4.655871737000041 ], [ -74.027244581999923, 4.655826052000066 ], [ -74.027265996999915, 4.655784649000054 ], [ -74.027321676999918, 4.655679001000067 ], [ -74.027385920999905, 4.655529094000087 ], [ -74.027474191999943, 4.655364018000057 ], [ -74.027558374999899, 4.655325234000088 ], [ -74.027707148999923, 4.655274969000061 ], [ -74.027748550999945, 4.655209295000077 ], [ -74.027799228999925, 4.655144102000065 ], [ -74.02788099199995, 4.655023450000044 ], [ -74.027888339999947, 4.65501260700006 ], [ -74.027948426999899, 4.654962307000062 ], [ -74.028079403999925, 4.65490685900005 ], [ -74.028154579999921, 4.654819342000053 ], [ -74.028197224999928, 4.654769697000063 ], [ -74.028330751999931, 4.654668669000046 ], [ -74.028522352999914, 4.654579689000059 ], [ -74.028526548999935, 4.65457719300008 ], [ -74.028646647999949, 4.654505742000083 ], [ -74.028736503999937, 4.654372676000094 ], [ -74.02880917199991, 4.654267015000073 ], [ -74.028837867999925, 4.654154242000061 ], [ -74.028864872999918, 4.653892509000059 ], [ -74.028874988999917, 4.653794467000068 ], [ -74.028970571999935, 4.653614981000089 ], [ -74.02898052799992, 4.653596288000074 ], [ -74.029167661999907, 4.653304774000048 ], [ -74.029390379999938, 4.65290359700009 ], [ -74.029369469999949, 4.652728737000075 ], [ -74.028864230999943, 4.652567726000086 ], [ -74.028612008999914, 4.652341677000038 ], [ -74.028542027999947, 4.65229237300008 ], [ -74.02850731299992, 4.652267915000039 ], [ -74.028462101999935, 4.65216797700009 ], [ -74.028450205999945, 4.652077557000041 ], [ -74.028453375999902, 4.651990430000069 ], [ -74.028460673999916, 4.651789880000081 ], [ -74.02846676799993, 4.651716201000056 ], [ -74.028478152999924, 4.65157851500004 ], [ -74.028470470999935, 4.651151588000062 ], [ -74.028491223999936, 4.650549151000064 ], [ -74.028513043999908, 4.650253611000039 ], [ -74.028493510999908, 4.649978158000067 ], [ -74.028462101999935, 4.649564133000069 ], [ -74.028409278999902, 4.649298585000054 ], [ -74.028426410999941, 4.649152962000073 ], [ -74.028433548999942, 4.649064446000068 ], [ -74.028456391999953, 4.648991635000073 ], [ -74.028483783999945, 4.648913951000054 ], [ -74.028490896999926, 4.64880265000005 ], [ -74.028500666999946, 4.648649782000064 ], [ -74.02851292999992, 4.648457903000065 ], [ -74.028528441999924, 4.648215193000055 ], [ -74.028608549999944, 4.648110408000093 ], [ -74.028715241999919, 4.648036209000054 ], [ -74.028765209999904, 4.647932703000038 ], [ -74.028779486999952, 4.647864889000061 ], [ -74.028758071999903, 4.647793504000049 ], [ -74.028761277999934, 4.647727772000053 ], [ -74.028765209999904, 4.647647168000049 ], [ -74.028800901999944, 4.64755436900009 ], [ -74.028804470999944, 4.647443723000038 ], [ -74.02891154699995, 4.647308094000039 ], [ -74.02893572499994, 4.647222642000088 ], [ -74.029018622999899, 4.647165327000039 ], [ -74.029247049999924, 4.647061821000079 ], [ -74.029657737999912, 4.647080173000063 ], [ -74.029922490999923, 4.647050534000073 ], [ -74.030443570999921, 4.646757584000056 ], [ -74.03101978299992, 4.646392786000092 ], [ -74.031320745999949, 4.645937476000086 ], [ -74.03151282999994, 4.645465553000065 ], [ -74.031498768999938, 4.64496605000005 ], [ -74.031176, 4.644531253000082 ], [ -74.030658760999927, 4.644126224000047 ], [ -74.030204651999952, 4.643755317000057 ], [ -74.029616094999938, 4.643475484000078 ], [ -74.029475975999901, 4.643408865000083 ], [ -74.028718452999954, 4.643022295000037 ], [ -74.028099471999951, 4.642853261000084 ], [ -74.027320298999939, 4.642713788000037 ], [ -74.026513165999916, 4.642683557000055 ], [ -74.025740375999931, 4.642658914000037 ], [ -74.025167552999903, 4.642575760000057 ], [ -74.024417026999913, 4.642430427000079 ], [ -74.023495857999933, 4.642492686000082 ], [ -74.022626412999898, 4.642594855000084 ], [ -74.021938877999901, 4.64245489800004 ], [ -74.021227787999919, 4.642188737000083 ], [ -74.020842646999938, 4.641874897000093 ], [ -74.020389290999901, 4.641641764000042 ], [ -74.019873218999919, 4.641449226000077 ], [ -74.019402279999952, 4.641147304000071 ], [ -74.018811676999917, 4.64093794300004 ], [ -74.018486136999911, 4.641065986000058 ], [ -74.018160254999941, 4.641142336000087 ], [ -74.017679070999918, 4.64105876900004 ], [ -74.017339683999921, 4.640727423000044 ], [ -74.016960042999926, 4.640373328000067 ], [ -74.016495217999932, 4.640134611000065 ], [ -74.016133837999917, 4.639981435000038 ], [ -74.015720193999925, 4.639679239000088 ], [ -74.01535317999992, 4.639543294000077 ], [ -74.014104777999933, 4.639412048000054 ], [ -74.013990538999906, 4.639458564000051 ], [ -74.013658144999908, 4.639368386000058 ], [ -74.013120281999932, 4.639405708000083 ], [ -74.012880674999906, 4.639550504000056 ], [ -74.012434040999949, 4.639512632000049 ], [ -74.012130424999953, 4.63946257200007 ], [ -74.011906363999913, 4.63929141400007 ], [ -74.011750585999948, 4.639056781000079 ], [ -74.011623724999936, 4.638873707000073 ], [ -74.011405429999911, 4.638725500000078 ], [ -74.011198880999927, 4.638628992000065 ], [ -74.010930289999919, 4.638704996000058 ], [ -74.010764668999911, 4.638769086000082 ], [ -74.010576103999938, 4.638838963000069 ], [ -74.010307375999901, 4.638892085000066 ], [ -74.009998263999933, 4.638876414000038 ], [ -74.009774947999915, 4.638854619000085 ], [ -74.009580139999912, 4.638815455000042 ], [ -74.009339718999911, 4.638805237000042 ], [ -74.009398845999897, 4.638075596000078 ], [ -74.009539222999933, 4.637546464000081 ], [ -74.009611040999914, 4.637057997000056 ], [ -74.009768453999925, 4.636511566000081 ], [ -74.009840069999939, 4.635971333000043 ], [ -74.009843805999935, 4.635592314000064 ], [ -74.009847814999944, 4.63525919600005 ], [ -74.009977802999913, 4.634936911000068 ], [ -74.010215986999924, 4.634516413000085 ], [ -74.010346043999903, 4.634205638000083 ], [ -74.010406388999911, 4.633705728000052 ], [ -74.010507528999938, 4.633349114000055 ], [ -74.010510317999945, 4.632780547000038 ], [ -74.010565571999905, 4.632401185000049 ], [ -74.010368667999899, 4.631948537000085 ], [ -74.010195988999953, 4.631765666000092 ], [ -74.010114403999921, 4.63148472000006 ], [ -74.010169998999913, 4.631168563000074 ], [ -74.01032353699992, 4.63097827100006 ], [ -74.010454470999946, 4.630851180000093 ], [ -74.010470830999907, 4.630690310000091 ], [ -74.010435130999952, 4.630426323000052 ], [ -74.010354629999938, 4.630352085000084 ], [ -74.010176724999951, 4.630266881000068 ], [ -74.009959046999938, 4.630222063000076 ], [ -74.009776120999902, 4.630263268000078 ], [ -74.009506851999902, 4.630218723000041 ], [ -74.009420040999942, 4.630029653000065 ], [ -74.009344698999939, 4.629852026000037 ], [ -74.009429141999931, 4.629575918000057 ], [ -74.009530685999948, 4.629299741000068 ], [ -74.00970153499992, 4.629126543000041 ], [ -74.009560966999913, 4.628512751000073 ], [ -74.00934824299992, 4.628335873000083 ], [ -74.009209845999919, 4.628135564000047 ], [ -74.009151881999912, 4.627986544000066 ], [ -74.009242563999919, 4.62782526500007 ], [ -74.009390470999904, 4.627640764000091 ], [ -74.009510610999939, 4.627640152000083 ], [ -74.009590435999939, 4.627570819000084 ], [ -74.009675892999951, 4.62749569600004 ], [ -74.009715193999909, 4.627351920000081 ], [ -74.009758639999916, 4.626897979000091 ], [ -74.009763799999917, 4.626788871000088 ], [ -74.009809139999902, 4.626713953000092 ], [ -74.009446345999947, 4.626285141000039 ], [ -74.008918815999948, 4.626086871000041 ], [ -74.008368747999953, 4.625969176000069 ], [ -74.007899247999944, 4.625937160000092 ], [ -74.007600392999905, 4.625697553000066 ], [ -74.007273299999952, 4.625532657000065 ], [ -74.006929777999915, 4.625511540000048 ], [ -74.006626981999943, 4.625616491000073 ], [ -74.006215175999898, 4.625670288000038 ], [ -74.005752665999921, 4.625873721000062 ], [ -74.005461813999943, 4.626070480000067 ], [ -74.005394815999921, 4.626392424000073 ], [ -74.005034659999922, 4.626486205000049 ], [ -74.004486625999903, 4.626747527000077 ], [ -74.00369287399991, 4.627096225000059 ], [ -74.002537073999918, 4.627165470000079 ], [ -74.001563528999952, 4.627044148000039 ], [ -74.000796459999947, 4.62702519700008 ], [ -74.000464407999914, 4.627009731000044 ], [ -74.000086745999909, 4.627017418000094 ], [ -73.999376492999943, 4.626906248000068 ], [ -73.998862188999908, 4.627069764000055 ], [ -73.99853773399991, 4.627404505000072 ], [ -73.998361990999911, 4.627738572000055 ], [ -73.998003119999908, 4.628067727000087 ], [ -73.997586221999939, 4.628230698000039 ], [ -73.997186424999938, 4.628393602000074 ], [ -73.996837943999935, 4.628521773000045 ], [ -73.996518039999899, 4.628638297000066 ], [ -73.996261190999917, 4.628777502000048 ], [ -73.995837913999935, 4.628819852000049 ], [ -73.995403364999902, 4.628908313000068 ], [ -73.994911462999937, 4.628968301000043 ], [ -73.994585652999945, 4.629050359000075 ], [ -73.994293783999922, 4.629057638000063 ], [ -73.993905457999915, 4.629226193000079 ], [ -73.993574620999937, 4.629440381000052 ], [ -73.993307582999932, 4.629820825000081 ], [ -73.993011158999934, 4.630046390000075 ], [ -73.992536629999904, 4.630152214000077 ], [ -73.992129647999946, 4.630022249000092 ], [ -73.991603196999904, 4.630047976000071 ], [ -73.990962170999921, 4.630039778000082 ], [ -73.990269221999938, 4.629962996000074 ], [ -73.98964503499991, 4.629891595000061 ], [ -73.988992670999949, 4.629917927000065 ], [ -73.988465613999949, 4.629823031000058 ], [ -73.988008189999903, 4.629911553000056 ], [ -73.987557884999944, 4.630264268000076 ], [ -73.98716425899994, 4.630507462000082 ], [ -73.986981194999942, 4.630525640000087 ], [ -73.986628871999926, 4.629912995000041 ], [ -73.986534277999908, 4.629327740000065 ], [ -73.986565862999953, 4.628793502000065 ], [ -73.986745224999936, 4.628051676000041 ], [ -73.986959802999934, 4.627493541000092 ], [ -73.987379715999907, 4.626790683000081 ], [ -73.987800905999904, 4.626334856000085 ], [ -73.988330293999923, 4.625780748000068 ], [ -73.988888593999945, 4.625278201000071 ], [ -73.989435690999926, 4.624827416000073 ], [ -73.989976616999911, 4.624284752000051 ], [ -73.990534440999909, 4.623696117000065 ], [ -73.991058124999938, 4.62313628600009 ], [ -73.991507346999924, 4.622571142000083 ], [ -73.991953871999897, 4.621483476000037 ], [ -73.992105658999947, 4.620960070000081 ], [ -73.992173136999952, 4.620718491000048 ], [ -73.991912174999925, 4.620070913000063 ], [ -73.99170863899991, 4.619440224000073 ], [ -73.99150415899993, 4.618637292000074 ], [ -73.99120851899994, 4.617909480000037 ], [ -73.992092854999953, 4.616262385000084 ], [ -73.992447099999936, 4.616145730000085 ], [ -73.992805694999902, 4.61577632400008 ], [ -73.993101573999922, 4.615435930000046 ], [ -73.993477342999938, 4.615054945000054 ], [ -73.993887524999934, 4.614685268000073 ], [ -73.994315213999926, 4.614390170000092 ], [ -73.994457090999902, 4.614249512000072 ], [ -73.994457119999936, 4.614249520000044 ], [ -73.994528549999927, 4.614298058000088 ], [ -73.994562965999933, 4.614302586000065 ], [ -73.994603009999935, 4.614306903000056 ], [ -73.994648753999911, 4.614311010000051 ], [ -73.994722793999927, 4.614308483000059 ], [ -73.99477437999991, 4.614318028000071 ], [ -73.994820055999924, 4.614316415000076 ], [ -73.994881987999918, 4.614329139000063 ], [ -73.994914923999943, 4.61433889400007 ], [ -73.994958201999907, 4.614351614000043 ], [ -73.994992616999923, 4.614356141000087 ], [ -73.995050323999919, 4.614376845000038 ], [ -73.995085085999904, 4.614392813000052 ], [ -73.995113801999935, 4.614397623000059 ], [ -73.995142722999901, 4.614407870000093 ], [ -73.995177486999921, 4.61442383800005 ], [ -73.995206619999919, 4.614439946000061 ], [ -73.995235403999914, 4.614450333000093 ], [ -73.995298461999937, 4.614459528000054 ], [ -73.995327666999913, 4.614475636000066 ], [ -73.995362008999905, 4.614480162000064 ], [ -73.9953907229999, 4.614484760000039 ], [ -73.995419855999899, 4.614501009000094 ], [ -73.995448709999948, 4.61451132500008 ], [ -73.995489172999953, 4.614527012000053 ], [ -73.99551830799993, 4.614543120000064 ], [ -73.995547159999944, 4.614553508000085 ], [ -73.995605356999931, 4.614585722000072 ], [ -73.995645890999924, 4.614601341000082 ], [ -73.995674954999913, 4.61461759000008 ], [ -73.995703807999917, 4.614627836000068 ], [ -73.995733010999913, 4.614644085000066 ], [ -73.995767492999903, 4.614654192000046 ], [ -73.995813728999906, 4.614669739000078 ], [ -73.995854265999924, 4.614685426000051 ], [ -73.995911411999941, 4.614689110000086 ], [ -73.995957156999907, 4.61469321800007 ], [ -73.996014374999902, 4.614696971000058 ], [ -73.996106704999931, 4.614727994000077 ], [ -73.996141677999901, 4.614749541000037 ], [ -73.996170394999922, 4.614754280000056 ], [ -73.996199246999936, 4.614764667000088 ], [ -73.996233868999923, 4.614774844000067 ], [ -73.996262931999922, 4.614790951000089 ], [ -73.996291436999911, 4.614789969000071 ], [ -73.996331690999909, 4.614800008000088 ], [ -73.996440004999897, 4.614796288000093 ], [ -73.996479979999947, 4.61480053300005 ], [ -73.996588152999948, 4.61479681600008 ], [ -73.996616027999949, 4.614778742000055 ], [ -73.996644459999914, 4.614777760000038 ], [ -73.996695906999946, 4.614781726000047 ], [ -73.996764313999904, 4.614779341000087 ], [ -73.996798868999917, 4.614789588000065 ], [ -73.996895640999924, 4.614786220000042 ], [ -73.996930334999945, 4.614796396000088 ], [ -73.996958698999947, 4.614795344000072 ], [ -73.996998742999949, 4.614799732000051 ], [ -73.997027666999941, 4.614810118000094 ], [ -73.997084951999909, 4.61481952400004 ], [ -73.997181797999929, 4.614816156000074 ], [ -73.9972104389999, 4.614820892000068 ], [ -73.997239502999946, 4.614831350000088 ], [ -73.997268147999932, 4.614836018000062 ], [ -73.997330714999919, 4.614833843000042 ], [ -73.997365128999945, 4.614838370000086 ], [ -73.997422065999899, 4.614836407000041 ], [ -73.997479420999923, 4.614845812000056 ], [ -73.997531077999952, 4.614855427000066 ], [ -73.997577033999903, 4.614865182000074 ], [ -73.997606167999948, 4.614881288000049 ], [ -73.997640371999921, 4.614880167000081 ], [ -73.997697728999924, 4.614889572000038 ], [ -73.997766907999903, 4.614909926000053 ], [ -73.997807370999908, 4.614925614000072 ], [ -73.997852906999924, 4.614924140000085 ], [ -73.997944608999944, 4.614937932000089 ], [ -73.997991052999907, 4.614959199000054 ], [ -73.998019904999921, 4.614969587000076 ], [ -73.998066631999905, 4.614996503000043 ], [ -73.998095415999899, 4.615006889000085 ], [ -73.998124129999951, 4.61501155600007 ], [ -73.9981924679999, 4.615009242000042 ], [ -73.998221110999907, 4.615013980000072 ], [ -73.998255803999939, 4.615024156000061 ], [ -73.998289797999917, 4.615023034000046 ], [ -73.998324703999913, 4.615038861000073 ], [ -73.998375939999903, 4.615037106000045 ], [ -73.998410704999912, 4.615053074000059 ], [ -73.998445327999946, 4.615063181000039 ], [ -73.998526256999924, 4.615094554000052 ], [ -73.998560881999936, 4.615104802000076 ], [ -73.998601206999922, 4.615114768000069 ], [ -73.998647371999937, 4.615130315000044 ], [ -73.998676015999933, 4.61513498100004 ], [ -73.998728160999917, 4.615155968000067 ], [ -73.998785098999917, 4.615154002000054 ], [ -73.998836965999942, 4.615169268000045 ], [ -73.998865467999906, 4.615168427000071 ], [ -73.998899882999922, 4.615172812000083 ], [ -73.99893387599991, 4.615171690000068 ], [ -73.999002914999949, 4.615186393000045 ], [ -73.999037120999901, 4.615185130000043 ], [ -73.999065762999919, 4.615189938000071 ], [ -73.999129028999903, 4.615204783000081 ], [ -73.999157604999937, 4.615203801000064 ], [ -73.999191878999909, 4.615208328000051 ], [ -73.999220661999914, 4.615213064000045 ], [ -73.999283230999936, 4.615210889000082 ], [ -73.999312083999939, 4.615221276000057 ], [ -73.99935810799991, 4.615231174000087 ], [ -73.999386890999915, 4.615241490000074 ], [ -73.999432986999921, 4.615251316000069 ], [ -73.999462259999916, 4.61527314500006 ], [ -73.999490763999916, 4.615272093000044 ], [ -73.999519406999923, 4.615276829000038 ], [ -73.999548329999925, 4.615287217000059 ], [ -73.999594077999916, 4.615291322000076 ], [ -73.999634539999931, 4.615307080000093 ], [ -73.999674446999904, 4.615305676000048 ], [ -73.999703299999908, 4.615316135000057 ], [ -73.999737502999949, 4.615314872000056 ], [ -73.999800560999915, 4.615324065000038 ], [ -73.999846516999924, 4.615333819000057 ], [ -73.999886981999907, 4.615349579000053 ], [ -73.999927025999909, 4.615353965000054 ], [ -73.999950948999924, 4.615381582000055 ], [ -73.999986343999922, 4.615414571000088 ], [ -74.000004494999928, 4.615442327000039 ], [ -74.00006353099991, 4.615497356000049 ], [ -74.000092174999907, 4.615502163000087 ], [ -74.000127008999925, 4.615517991000047 ], [ -74.000167474999898, 4.615533677000087 ], [ -74.000201888999925, 4.615538205000064 ], [ -74.000242281999931, 4.615553891000047 ], [ -74.00029442999994, 4.61557487500005 ], [ -74.000323562999938, 4.615590914000052 ], [ -74.000346366999906, 4.615590212000086 ], [ -74.000398230999906, 4.615605548000076 ], [ -74.000449816999947, 4.615615093000088 ], [ -74.000507245999927, 4.615624498000045 ], [ -74.000541799999951, 4.615634745000079 ], [ -74.000604857999917, 4.615644011000086 ], [ -74.001145863999909, 4.615625199000078 ], [ -74.001174507999906, 4.615629938000041 ], [ -74.001209202999917, 4.615640114000087 ], [ -74.00139697599991, 4.615633657000046 ], [ -74.001465803999906, 4.61564264000009 ], [ -74.001540892999913, 4.61566857400004 ], [ -74.001569328999949, 4.615667592000079 ], [ -74.001598041999898, 4.615672331000042 ], [ -74.001626894999902, 4.615682717000084 ], [ -74.001673130999905, 4.615698192000082 ], [ -74.001701562999926, 4.615697210000064 ], [ -74.001741817999914, 4.61570710500007 ], [ -74.001776442999926, 4.615717424000081 ], [ -74.001804876999927, 4.615716442000064 ], [ -74.001840409999943, 4.615749429000061 ], [ -74.001875033999909, 4.615765254000053 ], [ -74.001898956999923, 4.615792943000088 ], [ -74.001927808999937, 4.615803331000052 ], [ -74.001968975999944, 4.615836106000074 ], [ -74.001997899999935, 4.615846566000073 ], [ -74.002038993999918, 4.615879342000085 ], [ -74.00206791699992, 4.615889730000049 ], [ -74.002102819999948, 4.615911205000089 ], [ -74.002125902999921, 4.615916224000046 ], [ -74.002166507999902, 4.615937562000056 ], [ -74.002195920999952, 4.615959460000056 ], [ -74.002231105999897, 4.615986655000086 ], [ -74.002277689999914, 4.616013571000053 ], [ -74.002312734999919, 4.61603511900006 ], [ -74.002353618999905, 4.61606224600007 ], [ -74.002388033999921, 4.616066703000058 ], [ -74.002422588999934, 4.616077020000091 ], [ -74.002463333999913, 4.616098217000058 ], [ -74.002549963999911, 4.616129519000083 ], [ -74.002567485999919, 4.616140327000039 ], [ -74.002601898999899, 4.616144854000083 ], [ -74.002642154999933, 4.616154752000057 ], [ -74.002688320999937, 4.616170368000041 ], [ -74.002728855999919, 4.616186054000082 ], [ -74.002775159999942, 4.61620724900007 ], [ -74.002827377999949, 4.616228235000051 ], [ -74.002867350999907, 4.616232550000063 ], [ -74.002908304999949, 4.616259608000064 ], [ -74.002937579999923, 4.616281365000077 ], [ -74.002978114999905, 4.616297122000049 ], [ -74.00301259999992, 4.616307299000084 ], [ -74.003058695999925, 4.61631712500008 ], [ -74.003093669999942, 4.616338671000051 ], [ -74.003128502999914, 4.616354568000077 ], [ -74.003163056999938, 4.616364815000054 ], [ -74.00321471399991, 4.616374501000053 ], [ -74.003249339999911, 4.616384607000043 ], [ -74.003300503999924, 4.61638292400005 ], [ -74.003329427999915, 4.616393239000047 ], [ -74.003357930999925, 4.616392188000077 ], [ -74.003392835999932, 4.616413805000093 ], [ -74.003422038999929, 4.616429912000058 ], [ -74.003457012999945, 4.616451528000084 ], [ -74.003486146999933, 4.616467636000039 ], [ -74.003520981999941, 4.616483534000054 ], [ -74.00357235599995, 4.616487427000038 ], [ -74.003601490999927, 4.616503535000049 ], [ -74.00363604599994, 4.616513642000086 ], [ -74.00367045999991, 4.616518168000084 ], [ -74.003744497999946, 4.616515713000069 ], [ -74.003784053999937, 4.61650859000008 ], [ -74.003943604999904, 4.616503044000069 ], [ -74.003971618999913, 4.61649069200007 ], [ -74.004159530999914, 4.616484233000051 ], [ -74.004199225999912, 4.616477110000062 ], [ -74.004250254999931, 4.616469704000053 ], [ -74.004415293999898, 4.616463949000092 ], [ -74.004443727999899, 4.616457316000037 ], [ -74.004483493999942, 4.616455912000049 ], [ -74.004511787999945, 4.616449209000052 ], [ -74.004545920999931, 4.616448087000038 ], [ -74.004573722999908, 4.61643001300007 ], [ -74.004630522999946, 4.616422328000056 ], [ -74.004742717999932, 4.616372775000059 ], [ -74.00479353399993, 4.616359721000038 ], [ -74.00483315799994, 4.61635259600007 ], [ -74.004861452999933, 4.61634596600004 ], [ -74.004912057999945, 4.616327118000072 ], [ -74.004939862999947, 4.616309047000072 ], [ -74.0050079909999, 4.616301011000076 ], [ -74.005041986999913, 4.616294168000081 ], [ -74.00507020799995, 4.616287462000059 ], [ -74.005121025999927, 4.616274269000087 ], [ -74.005188594999936, 4.616249140000093 ], [ -74.00527868599994, 4.616217524000092 ], [ -74.005318032999924, 4.616204818000085 ], [ -74.005385530999945, 4.616179550000084 ], [ -74.005413335999947, 4.616161479000084 ], [ -74.005463520999911, 4.616131335000091 ], [ -74.005497305999938, 4.616118769000082 ], [ -74.005541790999928, 4.616088766000075 ], [ -74.005575085999908, 4.616064762000065 ], [ -74.005602748999934, 4.616041039000038 ], [ -74.005636254999899, 4.616022684000086 ], [ -74.005674900999907, 4.615987311000083 ], [ -74.005708402999915, 4.615968956000074 ], [ -74.005752679999944, 4.615933232000089 ], [ -74.005791325999951, 4.615897718000042 ], [ -74.005842142999938, 4.615884663000088 ], [ -74.005852493999953, 4.615855711000052 ], [ -74.005880087999913, 4.61583205900007 ], [ -74.005913871999951, 4.615819354000052 ], [ -74.005958496999938, 4.615795069000058 ], [ -74.005980669999929, 4.615777207000065 ], [ -74.006008682999948, 4.615764783000088 ], [ -74.006048378999935, 4.615757730000041 ], [ -74.006104477999941, 4.615733023000075 ], [ -74.006132770999898, 4.615726321000068 ], [ -74.006189708999898, 4.61572435700009 ], [ -74.006217721999917, 4.615711934000046 ], [ -74.006251714999905, 4.615705088000084 ], [ -74.006280009999898, 4.615698385000087 ], [ -74.0063596789999, 4.615695648000042 ], [ -74.006399093999903, 4.615683015000059 ], [ -74.00675218899994, 4.615670800000089 ], [ -74.006792232999942, 4.615675045000046 ], [ -74.006820947999927, 4.615679714000066 ], [ -74.006855290999908, 4.615684241000054 ], [ -74.006884143999912, 4.615694627000039 ], [ -74.006953394999925, 4.615714981000053 ], [ -74.006987527999911, 4.615713858000049 ], [ -74.007021941999938, 4.615718385000093 ], [ -74.007090210999934, 4.615716069000086 ], [ -74.007129906999921, 4.615708873000074 ], [ -74.007164040999953, 4.615707751000059 ], [ -74.00719803599992, 4.615700837000077 ], [ -74.00722604799995, 4.615688483000042 ], [ -74.007265883999935, 4.615687148000063 ], [ -74.007294177999938, 4.615680446000056 ], [ -74.007322190999901, 4.615668095000046 ], [ -74.007367375999934, 4.615655108000055 ], [ -74.007395388999953, 4.615642756000057 ], [ -74.007428964999917, 4.615624473000082 ], [ -74.007456766999951, 4.615606398000068 ], [ -74.007491043999948, 4.615605276000053 ], [ -74.007536087999938, 4.615592291000041 ], [ -74.007564309999907, 4.615585589000091 ], [ -74.007626949999917, 4.615583412000092 ], [ -74.007672834999937, 4.61558758700005 ], [ -74.007736031999912, 4.615602572000057 ], [ -74.007781779999902, 4.615606606000085 ], [ -74.007821614999898, 4.615605203000086 ], [ -74.007850536999911, 4.615615590000061 ], [ -74.007890790999909, 4.615625627000043 ], [ -74.00792541699991, 4.615635874000077 ], [ -74.007966090999901, 4.615657209000062 ], [ -74.008005925999953, 4.615655806000063 ], [ -74.008046460999935, 4.615671562000045 ], [ -74.008075313999939, 4.615681949000077 ], [ -74.008109730999934, 4.615686406000066 ], [ -74.008149984999932, 4.615696441000068 ], [ -74.008213321999904, 4.615711354000041 ], [ -74.008242176999943, 4.615721812000061 ], [ -74.008277010999905, 4.615737639000088 ], [ -74.008306282999911, 4.615759396000044 ], [ -74.008335136999904, 4.615769927000088 ], [ -74.008370180999918, 4.615791401000081 ], [ -74.008404946999917, 4.61580729700006 ], [ -74.008433869999919, 4.615817614000093 ], [ -74.00846286399991, 4.615833862000045 ], [ -74.008509586999935, 4.61586070900006 ], [ -74.008544983999911, 4.615893625000069 ], [ -74.008574326999906, 4.615915453000071 ], [ -74.008609719999924, 4.615948510000067 ], [ -74.008627870999931, 4.615976267000065 ], [ -74.008657146999951, 4.615998095000066 ], [ -74.0087038019999, 4.616024941000092 ], [ -74.008733074999952, 4.616046768000047 ], [ -74.008762629999922, 4.61607424500005 ], [ -74.00880337399991, 4.616095582000071 ], [ -74.008832647999952, 4.616117408000093 ], [ -74.008862201999932, 4.616144888000065 ], [ -74.008891473999938, 4.616166644000089 ], [ -74.008915467999941, 4.616200051000078 ], [ -74.008944391999933, 4.616210439000042 ], [ -74.008985554999924, 4.616243215000054 ], [ -74.009020600999918, 4.616264762000071 ], [ -74.009049872999924, 4.616286521000063 ], [ -74.00908477899992, 4.616302488000088 ], [ -74.00912580399995, 4.616335191000076 ], [ -74.009137414999941, 4.616340563000051 ], [ -74.009166897999933, 4.616367899000068 ], [ -74.009219254999948, 4.616394674000048 ], [ -74.009248529999923, 4.61641650200005 ], [ -74.0092899039999, 4.616454927000063 ], [ -74.009324737999918, 4.616470825000079 ], [ -74.009349079999936, 4.616515603000039 ], [ -74.009373142999948, 4.616548940000087 ], [ -74.009396996999953, 4.616576628000075 ], [ -74.00942675999994, 4.616609756000059 ], [ -74.00945631399992, 4.61663730500004 ], [ -74.009480305999944, 4.616670641000042 ], [ -74.009515070999953, 4.616686540000046 ], [ -74.009544342999902, 4.616708225000082 ], [ -74.009579879999933, 4.616741283000067 ], [ -74.009620764999909, 4.616768408000041 ], [ -74.009650106999914, 4.61679016700009 ], [ -74.009685082999908, 4.61681171400005 ], [ -74.009714004999921, 4.616822101000082 ], [ -74.009760379999932, 4.616843226000071 ], [ -74.009801264999908, 4.616870351000046 ], [ -74.009842010999932, 4.616891829000053 ], [ -74.009876773999906, 4.61690772500009 ], [ -74.009980578999944, 4.616938324000046 ], [ -74.010015413999952, 4.616954221000071 ], [ -74.010049967999919, 4.616964469000038 ], [ -74.01009634199994, 4.616985594000084 ], [ -74.010159611999939, 4.617000509000093 ], [ -74.010200075999933, 4.617016194000087 ], [ -74.010234489999903, 4.617020721000074 ], [ -74.010314790999928, 4.61703500100009 ], [ -74.010354695999922, 4.617033667000044 ], [ -74.010382919999927, 4.617026964000047 ], [ -74.010416702999919, 4.617014400000073 ], [ -74.010478502999945, 4.616989483000054 ], [ -74.01053543799992, 4.616987518000087 ], [ -74.010564082999906, 4.616992185000072 ], [ -74.010604617999945, 4.617007871000055 ], [ -74.010644872999933, 4.617017909000083 ], [ -74.010679286999903, 4.617022434000091 ], [ -74.010714262999898, 4.617043910000064 ], [ -74.010748676999924, 4.617048435000072 ], [ -74.010806662999926, 4.617075001000046 ], [ -74.010835306999923, 4.61707973700004 ], [ -74.010881893999908, 4.617106655000043 ], [ -74.010916446999943, 4.617116831000089 ], [ -74.010951840999951, 4.617149746000052 ], [ -74.010981045999927, 4.617165853000074 ], [ -74.011022279999906, 4.617204350000065 ], [ -74.011052115999917, 4.61723747800005 ], [ -74.011081667999917, 4.617264954000063 ], [ -74.011122762999946, 4.617297733000044 ], [ -74.011158647999935, 4.61734208900009 ], [ -74.01117680099992, 4.617369988000064 ], [ -74.011200583999937, 4.617397675000063 ], [ -74.011237727999912, 4.617476142000044 ], [ -74.011256018999916, 4.617509691000066 ], [ -74.011262769999917, 4.617537940000091 ], [ -74.01129246499994, 4.617571138000073 ], [ -74.011299494999946, 4.617605108000078 ], [ -74.011317647999931, 4.617633009000087 ], [ -74.011336148999931, 4.617672205000076 ], [ -74.0113600009999, 4.617699893000065 ], [ -74.011366752999947, 4.617728213000078 ], [ -74.011373084999946, 4.617745021000076 ], [ -74.011397147999901, 4.617778430000044 ], [ -74.0113977769999, 4.617795522000051 ], [ -74.011421558999928, 4.617823138000062 ], [ -74.011457024999913, 4.617856126000049 ], [ -74.011491788999933, 4.617872022000086 ], [ -74.011532953999904, 4.617904869000085 ], [ -74.011562227999946, 4.617926556000043 ], [ -74.011591780999936, 4.617954033000046 ], [ -74.011638155999947, 4.617975158000093 ], [ -74.01166750099992, 4.617997055000046 ], [ -74.011737939999932, 4.618051589000061 ], [ -74.011767214999907, 4.618073418000051 ], [ -74.011802748999912, 4.618106261000094 ], [ -74.01187290699994, 4.618155216000048 ], [ -74.011908091999942, 4.618182553000054 ], [ -74.011966709999911, 4.61822606700008 ], [ -74.012001753999925, 4.61824761400004 ], [ -74.012042077999922, 4.618257651000079 ], [ -74.012071142999901, 4.618273758000043 ], [ -74.012117729999943, 4.61830060200009 ], [ -74.012123638999924, 4.618306113000074 ], [ -74.012152562999916, 4.618316500000049 ], [ -74.012233703999925, 4.618353590000083 ], [ -74.012262837999913, 4.618369697000048 ], [ -74.012291761999904, 4.618380086000059 ], [ -74.012326315999928, 4.618390333000093 ], [ -74.012360730999944, 4.618394787000057 ], [ -74.012389582999901, 4.618405246000066 ], [ -74.012423788999911, 4.618404122000072 ], [ -74.012458551999941, 4.618419948000053 ], [ -74.012504368999942, 4.618424053000069 ], [ -74.012533222999934, 4.618434511000089 ], [ -74.01257305699994, 4.618433036000056 ], [ -74.012607472999946, 4.618437563000043 ], [ -74.012676649999946, 4.618457986000067 ], [ -74.012705785999913, 4.618474093000088 ], [ -74.012734638999916, 4.618484481000053 ], [ -74.01277510299991, 4.618500166000047 ], [ -74.012809377999929, 4.618498972000054 ], [ -74.012849983999899, 4.618520448000083 ], [ -74.01287306699993, 4.618525184000077 ], [ -74.012902058999941, 4.618541433000075 ], [ -74.012930772999937, 4.618546099000071 ], [ -74.012959629999898, 4.618556486000045 ], [ -74.012988761999907, 4.618572594000057 ], [ -74.013023523999948, 4.618588491000082 ], [ -74.013052449999918, 4.618598948000056 ], [ -74.013092914999902, 4.618614565000087 ], [ -74.01312774999991, 4.618630460000077 ], [ -74.013167795999948, 4.618634777000068 ], [ -74.013202210999907, 4.618639302000076 ], [ -74.013435658999924, 4.618631298000082 ], [ -74.013525891999905, 4.61860525700007 ], [ -74.013560096999925, 4.618604063000078 ], [ -74.013588108999897, 4.618591711000079 ], [ -74.013707685999918, 4.618587566000087 ], [ -74.013735979999922, 4.618581004000077 ], [ -74.013786375999928, 4.618556368000043 ], [ -74.013814878999938, 4.618555385000093 ], [ -74.01385971499991, 4.618536679000044 ], [ -74.013888008999913, 4.618530046000046 ], [ -74.013922143999935, 4.618528852000054 ], [ -74.013950225999906, 4.618516500000055 ], [ -74.01399478299993, 4.61848649600006 ], [ -74.014028496999913, 4.618473932000086 ], [ -74.014067492999914, 4.618449715000054 ], [ -74.014101275999906, 4.61843715100008 ], [ -74.014129149999917, 4.61841914900009 ], [ -74.014162024999905, 4.618383703000063 ], [ -74.014212210999915, 4.618353558000081 ], [ -74.014251205999926, 4.618329414000073 ], [ -74.014278658999899, 4.618299969000077 ], [ -74.014306671999918, 4.61828754600009 ], [ -74.01432884399992, 4.618269754000039 ], [ -74.0143621389999, 4.618245750000085 ], [ -74.014389803999904, 4.618222027000058 ], [ -74.014422676999914, 4.618186653000066 ], [ -74.014450341999918, 4.61816293000004 ], [ -74.014483636999898, 4.618138995000038 ], [ -74.014554944999929, 4.618062387000066 ], [ -74.014588028999924, 4.618032802000073 ], [ -74.014609572999916, 4.617997851000041 ], [ -74.014642445999925, 4.61796247500007 ], [ -74.014669969999943, 4.617938753000089 ], [ -74.014697281999929, 4.617903588000047 ], [ -74.014730157999907, 4.617868357000077 ], [ -74.014763730999903, 4.61785 ], [ -74.014796605999948, 4.617814768000073 ], [ -74.014823779999915, 4.617779604000077 ], [ -74.014857143999905, 4.617755599000077 ], [ -74.014884106999943, 4.617714786000079 ], [ -74.014911560999906, 4.617685341000083 ], [ -74.014939152999943, 4.617661550000093 ], [ -74.014960695999946, 4.617626595000047 ], [ -74.01499273099995, 4.617568479000056 ], [ -74.015008502999933, 4.617533738000077 ], [ -74.015013641999928, 4.617516506000072 ], [ -74.015056659999914, 4.61744660100004 ], [ -74.015072080999914, 4.61740048900009 ], [ -74.015092712999945, 4.617342867000048 ], [ -74.015108764999923, 4.617313704000082 ], [ -74.015118696999934, 4.617273452000063 ], [ -74.015140169999938, 4.617238569000051 ], [ -74.015155799999945, 4.617198107000092 ], [ -74.015177272999949, 4.617163152000046 ], [ -74.015214168999933, 4.617082089000064 ], [ -74.015251762999924, 4.617018112000039 ], [ -74.015273515999922, 4.616988880000065 ], [ -74.015300689999947, 4.616953716000069 ], [ -74.015316741999925, 4.616924624000092 ], [ -74.015322091999906, 4.616913043000068 ], [ -74.01534933399995, 4.616883599000062 ], [ -74.015365036999924, 4.616843207000045 ], [ -74.015392000999952, 4.61680246700007 ], [ -74.015407421999953, 4.616756213000087 ], [ -74.015417771999921, 4.616727399000069 ], [ -74.015439036999908, 4.616686727000058 ], [ -74.015449387999922, 4.616657915000076 ], [ -74.015492821999942, 4.61659945100007 ], [ -74.015546610999934, 4.616512033000049 ], [ -74.015567731999909, 4.616465780000055 ], [ -74.015599764999934, 4.616407594000066 ], [ -74.015621308999926, 4.616372641000055 ], [ -74.0156752339999, 4.616291015000058 ], [ -74.015685585999904, 4.616262133000077 ], [ -74.0157185999999, 4.616226828000038 ], [ -74.015750144999913, 4.616157344000044 ], [ -74.015776897999899, 4.616110810000066 ], [ -74.015815050999947, 4.616063925000049 ], [ -74.015825473999939, 4.616035045000046 ], [ -74.015852644999939, 4.615999880000061 ], [ -74.015896710999925, 4.615958506000084 ], [ -74.015912762999903, 4.615929411000081 ], [ -74.015962739999907, 4.615893476000053 ], [ -74.016001175999918, 4.615852242000074 ], [ -74.016028977999952, 4.615834239000037 ], [ -74.01608514499992, 4.615809461000083 ], [ -74.016124068999943, 4.615785245000041 ], [ -74.016157363999923, 4.615761382000073 ], [ -74.016217620999953, 4.615696494000076 ], [ -74.016250004999904, 4.615644170000053 ], [ -74.016311033999898, 4.615596442000083 ], [ -74.01633264599991, 4.615567209000062 ], [ -74.016342995999935, 4.615538326000092 ], [ -74.016386570999941, 4.615485583000066 ], [ -74.016425286999947, 4.615449997000042 ], [ -74.016446967999912, 4.615420766000057 ], [ -74.016457669999909, 4.615403323000066 ], [ -74.016518697999913, 4.61535559500004 ], [ -74.016552061999903, 4.615331663000063 ], [ -74.0165855649999, 4.615313447000062 ], [ -74.016618858999948, 4.615289443000052 ], [ -74.016652572999931, 4.615276879000078 ], [ -74.016685938999899, 4.615252944000076 ], [ -74.016719722999937, 4.615240380000046 ], [ -74.016781030999937, 4.615203952000059 ], [ -74.016808693999906, 4.615180301000066 ], [ -74.01683691799991, 4.615173598000069 ], [ -74.01693729099992, 4.615113165000082 ], [ -74.016976352999905, 4.615089021000074 ], [ -74.017020769999931, 4.615058944000054 ], [ -74.01706616599995, 4.615051748000042 ], [ -74.017105649999905, 4.615038904000073 ], [ -74.017133663999914, 4.615026551000085 ], [ -74.017222632999903, 4.614966541000058 ], [ -74.01725599699995, 4.614942537000047 ], [ -74.017284082999936, 4.61493018200008 ], [ -74.017311675999906, 4.614906390000044 ], [ -74.017356160999952, 4.61487638400007 ], [ -74.017384033999917, 4.614858309000056 ], [ -74.017416977999915, 4.614822935000063 ], [ -74.017472655999939, 4.614786858000059 ], [ -74.017516090999948, 4.614728322000076 ], [ -74.017543683999918, 4.614704599000049 ], [ -74.017588376999925, 4.614680244000056 ], [ -74.017609850999918, 4.614645291000045 ], [ -74.017654476999951, 4.614615356000058 ], [ -74.017715783999904, 4.614578928000071 ], [ -74.017743796999923, 4.614566645000082 ], [ -74.017782372999932, 4.614531131000092 ], [ -74.017810246999943, 4.614513056000078 ], [ -74.017821366999897, 4.614506913000071 ], [ -74.017865712999935, 4.614471188000039 ], [ -74.017916107999952, 4.61444662200006 ], [ -74.017949682999927, 4.614428338000039 ], [ -74.017989096999941, 4.614415634000068 ], [ -74.018017321999935, 4.614408930000081 ], [ -74.018056804999901, 4.614396227000043 ], [ -74.01809002899995, 4.614372222000043 ], [ -74.018118462999951, 4.614365589000045 ], [ -74.01815182699994, 4.614347305000081 ], [ -74.018191802999922, 4.614345900000046 ], [ -74.018237056999908, 4.614338634000092 ], [ -74.01827063099995, 4.614320421000059 ], [ -74.018304415999921, 4.614307717000088 ], [ -74.018332849999922, 4.614306871000053 ], [ -74.01841702899992, 4.61426974200009 ], [ -74.018451163999941, 4.614268547000052 ], [ -74.018479037999953, 4.614250476000052 ], [ -74.018547233999925, 4.614248158000066 ], [ -74.018575387999931, 4.61423573400009 ], [ -74.018643727999915, 4.614233345000059 ], [ -74.018683350999936, 4.61422629000009 ], [ -74.018717135999907, 4.61421372600006 ], [ -74.018865215999938, 4.614208599000051 ], [ -74.018899137999938, 4.614201756000057 ], [ -74.018927642999927, 4.61420077300005 ], [ -74.018972897999902, 4.61419343600005 ], [ -74.019081142999937, 4.614189714000076 ], [ -74.019120556999951, 4.61417694000005 ], [ -74.019183192999947, 4.614174762000061 ], [ -74.01921148699995, 4.614168200000051 ], [ -74.0192506919999, 4.614149634000057 ], [ -74.019284334999952, 4.614137071000073 ], [ -74.019318609999914, 4.61413594600009 ], [ -74.019369214999926, 4.614117030000045 ], [ -74.019403069999953, 4.614110185000072 ], [ -74.019442624999897, 4.614097411000046 ], [ -74.019482459999949, 4.614096076000067 ], [ -74.019521803999908, 4.614083373000085 ], [ -74.019561710999938, 4.614081897000062 ], [ -74.019601054999953, 4.614063472000055 ], [ -74.019697895999911, 4.614060170000073 ], [ -74.019726049999917, 4.614053397000077 ], [ -74.019760324999936, 4.614052202000039 ], [ -74.019799878999947, 4.61404514700007 ], [ -74.020232643999918, 4.614030115000048 ], [ -74.020272266999939, 4.614023132000057 ], [ -74.020312173999912, 4.614021729000058 ], [ -74.020357286999911, 4.614008743000056 ], [ -74.0204427299999, 4.614005792000057 ], [ -74.020470741999929, 4.61399336900007 ], [ -74.020544779999909, 4.613990910000041 ], [ -74.020578705999924, 4.613983996000059 ], [ -74.020772320999924, 4.613977392000038 ], [ -74.020825951999939, 4.613958334000074 ], [ -74.021022241999901, 4.613951593000081 ], [ -74.021078055999908, 4.61392109500008 ], [ -74.021237536999934, 4.613915617000089 ], [ -74.021305033999909, 4.613890488000038 ], [ -74.021333608999953, 4.613889503000053 ], [ -74.021361620999926, 4.613877151000054 ], [ -74.021401035999929, 4.613864376000038 ], [ -74.021434960999898, 4.613857461000066 ], [ -74.021457341999906, 4.613845319000063 ], [ -74.021485706999897, 4.613844335000067 ], [ -74.021525050999912, 4.613825840000061 ], [ -74.021553483999924, 4.613824857000054 ], [ -74.021592828999928, 4.613812153000083 ], [ -74.021649484999898, 4.613798747000089 ], [ -74.021774618999927, 4.613794532000043 ], [ -74.021809316999907, 4.61380463800009 ], [ -74.021843659999945, 4.613809163000042 ], [ -74.021889686999941, 4.613818916000071 ], [ -74.021924240999908, 4.613829162000059 ], [ -74.021952742999929, 4.613828179000052 ], [ -74.021987507999938, 4.613844075000088 ], [ -74.022021712999901, 4.613842882000085 ], [ -74.022061756999904, 4.613847197000041 ], [ -74.022090330999902, 4.613846142000057 ], [ -74.022130304999905, 4.613850530000093 ], [ -74.02217055999995, 4.61386049500004 ], [ -74.022188154999924, 4.613871302000064 ], [ -74.022245089999899, 4.613869334000071 ], [ -74.022279505999904, 4.613873860000069 ], [ -74.022319269999912, 4.613872455000092 ], [ -74.022359524999899, 4.613882493000062 ], [ -74.022394149999911, 4.613892666000083 ], [ -74.022423003999904, 4.613903125000093 ], [ -74.022457837999923, 4.613918951000073 ], [ -74.022510333999946, 4.613951375000056 ], [ -74.022539889999905, 4.613978852000059 ], [ -74.022563672999922, 4.61400646900006 ], [ -74.022604836999903, 4.614039244000082 ], [ -74.022634251999932, 4.614066720000039 ], [ -74.022675275999916, 4.61409384600006 ], [ -74.022704550999947, 4.614115604000062 ], [ -74.022739104999914, 4.614125780000052 ], [ -74.022768029999952, 4.614136165000048 ], [ -74.02279716299995, 4.614152272000069 ], [ -74.022849028999929, 4.614167605000091 ], [ -74.022878372999912, 4.614189364000083 ], [ -74.022913346999928, 4.614210980000053 ], [ -74.022936430999948, 4.61421585700009 ], [ -74.022966053999937, 4.614249053000037 ], [ -74.023018341999943, 4.614275686000042 ], [ -74.023053104999917, 4.614291653000066 ], [ -74.023088429999916, 4.614318920000073 ], [ -74.02312291599992, 4.614329097000052 ], [ -74.02315197899992, 4.614339483000037 ], [ -74.023186462999945, 4.614349729000082 ], [ -74.02321517699994, 4.614354395000078 ], [ -74.023255782999911, 4.61437580200004 ], [ -74.023284356999909, 4.614374819000091 ], [ -74.023313208999923, 4.614385274000085 ], [ -74.023341783999911, 4.614384219000044 ], [ -74.023393578999901, 4.614399554000045 ], [ -74.023463598999911, 4.614442786000041 ], [ -74.023486961999936, 4.61445896400005 ], [ -74.0235279179999, 4.61448609100006 ], [ -74.023579993999931, 4.614507072000038 ], [ -74.023638190999918, 4.614539217000072 ], [ -74.023672817999909, 4.61454946300006 ], [ -74.023707581999929, 4.61456535800005 ], [ -74.023776762999944, 4.614585853000051 ], [ -74.023845098999914, 4.614583392000043 ], [ -74.023879583999928, 4.614593496000055 ], [ -74.023908788999904, 4.614609744000063 ], [ -74.023949671999901, 4.614636730000086 ], [ -74.023984717999951, 4.614658347000045 ], [ -74.024008780999907, 4.614691684000093 ], [ -74.024038473999951, 4.614724881000086 ], [ -74.024074150999922, 4.614763516000039 ], [ -74.024103142999934, 4.614779623000061 ], [ -74.024121366999907, 4.614807522000092 ], [ -74.024226990999921, 4.614889391000077 ], [ -74.024262036999914, 4.614910936000058 ], [ -74.024291590999951, 4.614938484000049 ], [ -74.024321354999927, 4.614971540000056 ], [ -74.02434534899993, 4.615004877000047 ], [ -74.024380742999938, 4.615037934000043 ], [ -74.024404666999942, 4.615065550000054 ], [ -74.024462792999941, 4.615097764000041 ], [ -74.0244923489999, 4.61512524200009 ], [ -74.024521972999935, 4.615158369000085 ], [ -74.024540404999925, 4.61519198600007 ], [ -74.024605565999934, 4.615258029000074 ], [ -74.02462941899995, 4.615285786000072 ], [ -74.024665091999907, 4.615324422000072 ], [ -74.024677475999908, 4.615352532000088 ], [ -74.024707029999945, 4.615380010000081 ], [ -74.024725391999937, 4.615413558000057 ], [ -74.024749385999939, 4.615446895000048 ], [ -74.024778939999919, 4.615474372000051 ], [ -74.024802792999935, 4.61550205900005 ], [ -74.024820805999923, 4.61553002900007 ], [ -74.024839236999924, 4.615563576000056 ], [ -74.024874493999903, 4.615590771000086 ], [ -74.02489285799993, 4.615624320000052 ], [ -74.024957806999907, 4.615684783000063 ], [ -74.024975958999903, 4.61571261000006 ], [ -74.025005862999933, 4.615751528000089 ], [ -74.025029997999923, 4.61578486500008 ], [ -74.025048008999931, 4.615812764000054 ], [ -74.025060669999903, 4.615846522000083 ], [ -74.025073122999913, 4.615874563000091 ], [ -74.025085996999906, 4.615914041000053 ], [ -74.025111247999916, 4.61598155900009 ], [ -74.025129471999946, 4.616009387000076 ], [ -74.025142064999898, 4.616043145000049 ], [ -74.025160146999951, 4.616071046000059 ], [ -74.025172669999904, 4.616099083000051 ], [ -74.025178789999927, 4.616110311000057 ], [ -74.025215095999897, 4.616165968000075 ], [ -74.0252390899999, 4.616199376000054 ], [ -74.025298127999918, 4.616254330000061 ], [ -74.025327261999905, 4.616270437000082 ], [ -74.025362306999909, 4.616291911000076 ], [ -74.025391090999904, 4.616302439000037 ], [ -74.025420295999936, 4.61631847600006 ], [ -74.02544914899994, 4.616328933000091 ], [ -74.025484194999933, 4.616350478000072 ], [ -74.025513676999935, 4.616377956000065 ], [ -74.025542952999899, 4.616399711000042 ], [ -74.02557820699991, 4.616427047000059 ], [ -74.025607270999899, 4.616443154000081 ], [ -74.025654346999943, 4.616481369000041 ], [ -74.025683060999938, 4.616486107000071 ], [ -74.025723527999901, 4.616501792000065 ], [ -74.025758571999916, 4.616523406000056 ], [ -74.025788054999907, 4.616550884000048 ], [ -74.025799666999944, 4.616556181000078 ], [ -74.025823731999935, 4.616589521000037 ], [ -74.025853004999931, 4.616611275000082 ], [ -74.025894382999923, 4.616649702000075 ], [ -74.025923654999929, 4.616671529000087 ], [ -74.02594096699994, 4.616676616000063 ], [ -74.025981502999912, 4.61669244300009 ], [ -74.026040120999937, 4.616735885000082 ], [ -74.026092827999946, 4.616773959000056 ], [ -74.026121681999939, 4.616784345000042 ], [ -74.026156726999943, 4.616805962000058 ], [ -74.026185580999936, 4.616816348000043 ], [ -74.026226538999936, 4.616843472000085 ], [ -74.02626700199994, 4.616859158000068 ], [ -74.026365315999954, 4.616895616000079 ], [ -74.026405990999933, 4.616917021000063 ], [ -74.026441246999923, 4.616944217000082 ], [ -74.026487412999927, 4.616959833000067 ], [ -74.026522177999937, 4.616975728000057 ], [ -74.026556802999949, 4.616985905000092 ], [ -74.026591566999912, 4.617001730000084 ], [ -74.026620490999903, 4.617012185000078 ], [ -74.026661376999925, 4.617039171000044 ], [ -74.026684597999918, 4.617049838000071 ], [ -74.026719574999902, 4.617071456000076 ], [ -74.026748917999953, 4.617093211000054 ], [ -74.026784382999949, 4.61712619900004 ], [ -74.026824848999922, 4.617141884000091 ], [ -74.026859963999925, 4.617169147000084 ], [ -74.026918721999948, 4.617212733000088 ], [ -74.02694813699992, 4.617240208000055 ], [ -74.026959819999945, 4.617245507000064 ], [ -74.026994861999924, 4.617267122000044 ], [ -74.027035748999936, 4.617294179000055 ], [ -74.027064813999914, 4.617310286000077 ], [ -74.027099647999933, 4.617326181000067 ], [ -74.027128291999929, 4.617330777000063 ], [ -74.027169458999936, 4.617363621000038 ], [ -74.027198311999939, 4.617374149000057 ], [ -74.027232935999905, 4.617384254000058 ], [ -74.027267700999914, 4.617400151000083 ], [ -74.027308447999928, 4.617421626000066 ], [ -74.027343001999952, 4.617431730000078 ], [ -74.027372134999951, 4.617447837000043 ], [ -74.0274064809999, 4.617452364000087 ], [ -74.027447224999946, 4.617473699000072 ], [ -74.027481780999949, 4.617483874000072 ], [ -74.027510915999926, 4.617500122000081 ], [ -74.02754546999995, 4.617510226000093 ], [ -74.027574393999942, 4.617520613000067 ], [ -74.02760978799995, 4.617553599000075 ], [ -74.027638501999945, 4.617558265000071 ], [ -74.027685578999922, 4.617596550000087 ], [ -74.027715061999913, 4.61762402700009 ], [ -74.027750667999953, 4.617662734000078 ], [ -74.027768891999926, 4.617690631000073 ], [ -74.027798167999947, 4.617712389000076 ], [ -74.02782187899993, 4.617739934000042 ], [ -74.027857203999929, 4.617767271000048 ], [ -74.027886198999909, 4.61778337800007 ], [ -74.027915892999943, 4.617810854000084 ], [ -74.0279503779999, 4.617821101000061 ], [ -74.027991332999932, 4.617848226000092 ], [ -74.028020468999898, 4.617864261000079 ], [ -74.028061352999941, 4.61789131800009 ], [ -74.028090278999912, 4.617901705000065 ], [ -74.028118290999942, 4.617889350000041 ], [ -74.028174597999907, 4.617870291000088 ], [ -74.028218873999947, 4.617834564000077 ], [ -74.028247166999904, 4.617827934000047 ], [ -74.028274968999938, 4.617809858000044 ], [ -74.028313753999953, 4.617779991000077 ], [ -74.028358940999908, 4.617767006000065 ], [ -74.028386952999938, 4.617754582000089 ], [ -74.028465220999919, 4.617712082000082 ], [ -74.028492605999929, 4.617682708000075 ], [ -74.028526389999911, 4.617670004000047 ], [ -74.028553490999911, 4.617634838000072 ], [ -74.028586925999946, 4.617611045000046 ], [ -74.028642321999939, 4.617569105000086 ], [ -74.028670405999947, 4.617556823000086 ], [ -74.028703139999948, 4.617515728000058 ], [ -74.028741923999917, 4.617485861000091 ], [ -74.028757975999952, 4.617456839000056 ], [ -74.028797390999898, 4.617444065000086 ], [ -74.028802039999903, 4.617415463000043 ], [ -74.028823300999932, 4.617374790000042 ], [ -74.028861735999953, 4.617333556000062 ], [ -74.028889958999912, 4.617326852000076 ], [ -74.028946265999934, 4.617307863000065 ], [ -74.028979838999931, 4.617289579000044 ], [ -74.029007852999939, 4.617277295000065 ], [ -74.0290416389999, 4.617264731000091 ], [ -74.029075212999942, 4.617246377000072 ], [ -74.029131519999908, 4.617227319000051 ], [ -74.029159740999944, 4.617220684000074 ], [ -74.02918782699993, 4.617208260000041 ], [ -74.029221608999933, 4.617195696000067 ], [ -74.029260952999948, 4.617182919000072 ], [ -74.029300159999934, 4.617164494000065 ], [ -74.029317049999918, 4.61715814300004 ], [ -74.029356253999936, 4.617139859000076 ], [ -74.029401370999949, 4.617126802000087 ], [ -74.029452466999942, 4.61711932500009 ], [ -74.029503142999943, 4.617100478000054 ], [ -74.029565289999937, 4.617086928000049 ], [ -74.029593093999949, 4.61706885600006 ], [ -74.029781007999929, 4.617062320000059 ], [ -74.029831822999938, 4.617049192000081 ], [ -74.029934367999942, 4.617045681000093 ], [ -74.029973991999952, 4.617038484000091 ], [ -74.030002285999899, 4.61703192300007 ], [ -74.030053101999897, 4.617018724000047 ], [ -74.030092726999953, 4.617011668000089 ], [ -74.03012101999991, 4.617005034000044 ], [ -74.03015473399995, 4.616992328000038 ], [ -74.030188659999908, 4.616985556000088 ], [ -74.030228355999952, 4.616978571000061 ], [ -74.030267487999936, 4.616960004000077 ], [ -74.030307182999934, 4.616952949000051 ], [ -74.030329775999917, 4.61694645700004 ], [ -74.030420918999937, 4.616943295000056 ], [ -74.030448931999899, 4.616930941000078 ], [ -74.030477224999913, 4.616924236000045 ], [ -74.030522550999933, 4.616916969000044 ], [ -74.030642124999929, 4.616912825000043 ], [ -74.030681258999948, 4.616894400000092 ], [ -74.030715534999899, 4.616893205000054 ], [ -74.030749458999935, 4.61688636000008 ], [ -74.030783242999917, 4.61687379500006 ], [ -74.030827938999948, 4.616849439000077 ], [ -74.030867562999902, 4.61684245500004 ], [ -74.030906346999927, 4.616812516000039 ], [ -74.030951321999908, 4.616793882000081 ], [ -74.030979545999912, 4.616787248000094 ], [ -74.031029940999929, 4.61676261100007 ], [ -74.0310637259999, 4.61675004500006 ], [ -74.031091318999927, 4.616726321000044 ], [ -74.031124750999936, 4.616702387000089 ], [ -74.031152623999901, 4.616689963000056 ], [ -74.031191899999953, 4.616671538000048 ], [ -74.031225473999939, 4.616653322000047 ], [ -74.031258486999945, 4.616623527000058 ], [ -74.031287060999944, 4.616622685000038 ], [ -74.031320775999916, 4.616609980000078 ], [ -74.03134906799994, 4.616603415000043 ], [ -74.031393553999919, 4.616573340000059 ], [ -74.031460560999903, 4.616536838000059 ], [ -74.031488854999907, 4.616530135000062 ], [ -74.031522217999907, 4.616506202000039 ], [ -74.0315887349999, 4.616452612000046 ], [ -74.031604645999948, 4.616423588000089 ], [ -74.031638291999911, 4.616405304000068 ], [ -74.031671514999914, 4.616381370000056 ], [ -74.031709877999901, 4.616340133000051 ], [ -74.031742611999903, 4.616299109000067 ], [ -74.031785553999953, 4.616229200000078 ], [ -74.031818287999897, 4.616188104000059 ], [ -74.031828636999933, 4.616159363000065 ], [ -74.031850181999914, 4.616124410000054 ], [ -74.031871441999897, 4.616083738000043 ], [ -74.031904315999952, 4.616048432000071 ], [ -74.031930925999916, 4.615996177000056 ], [ -74.03194127699993, 4.615967437000052 ], [ -74.031974361999914, 4.615937712000061 ], [ -74.031995903999928, 4.615902757000072 ], [ -74.0320344779999, 4.615867242000093 ], [ -74.032056230999899, 4.615838009000072 ], [ -74.032089521999922, 4.615814003000082 ], [ -74.03210557299991, 4.615785053000081 ], [ -74.032133586999919, 4.615772628000059 ], [ -74.032149636999918, 4.615743533000057 ], [ -74.032182791999901, 4.615713878000065 ], [ -74.032243047999941, 4.615649060000067 ], [ -74.032264730999941, 4.615619896000055 ], [ -74.032298093999941, 4.615595891000055 ], [ -74.032314145999919, 4.615566868000087 ], [ -74.03234743999991, 4.615542863000087 ], [ -74.032384742999909, 4.615522531000067 ], [ -74.032341920999897, 4.61570359500007 ], [ -74.032236030999911, 4.615939733000062 ], [ -74.032073842999921, 4.61613243000005 ], [ -74.031994980999912, 4.616366240000048 ], [ -74.031939269999953, 4.616595041000039 ], [ -74.031812484999932, 4.616784850000045 ], [ -74.031670568999914, 4.616975288000049 ], [ -74.031538299999909, 4.617119262000074 ], [ -74.031973510999933, 4.617214249000085 ], [ -74.032151968999926, 4.61735156900005 ], [ -74.032385068999929, 4.61733522600008 ], [ -74.032591650999905, 4.61722855000005 ], [ -74.032821361999936, 4.617262489000041 ], [ -74.033044315999916, 4.617318386000079 ], [ -74.033284235999929, 4.617332622000049 ], [ -74.033533686999931, 4.61718287900004 ], [ -74.033743713999911, 4.617087999000091 ], [ -74.034010538999951, 4.616993766000064 ], [ -74.034236402999909, 4.616889849000074 ], [ -74.034438479999949, 4.616783672000054 ], [ -74.034665463999943, 4.616718171000059 ], [ -74.034886685999936, 4.616603450000071 ], [ -74.035120410999923, 4.616636258000085 ], [ -74.035294923999913, 4.616790592000086 ], [ -74.035332537999921, 4.617023859000085 ], [ -74.035475027999951, 4.617201282000053 ], [ -74.035688318999917, 4.617375964000075 ], [ -74.035852699999907, 4.617530155000054 ], [ -74.035866984999927, 4.617544562000091 ], [ -74.036629886999947, 4.616323518000058 ], [ -74.03674478399995, 4.616088510000054 ], [ -74.036913720999905, 4.615922438000041 ], [ -74.037285982999947, 4.615771725000059 ], [ -74.037481308999929, 4.61562140500007 ], [ -74.037867117999951, 4.615246328000069 ], [ -74.03812671399993, 4.615015866000078 ], [ -74.038317613999936, 4.614818229000093 ], [ -74.03848880399994, 4.614645307000046 ], [ -74.038840200999914, 4.614247628000044 ], [ -74.039058065999939, 4.613983824000059 ], [ -74.039263036999898, 4.61381500300007 ], [ -74.039382429999932, 4.613630207000085 ], [ -74.0394230039999, 4.613407051000081 ], [ -74.039547536999919, 4.613194646000068 ], [ -74.039732236999953, 4.613042699000061 ], [ -74.039964789999942, 4.612916183000038 ], [ -74.040309957999909, 4.612721891000092 ], [ -74.040544687999898, 4.612619104000089 ], [ -74.040777299999945, 4.612567800000079 ], [ -74.041016026999898, 4.612551382000049 ], [ -74.041325122999922, 4.612596629000052 ], [ -74.041571649999923, 4.61266446500008 ], [ -74.041808113999934, 4.612732297000093 ], [ -74.042017582999904, 4.612601259000087 ], [ -74.042223174999947, 4.612504751000074 ], [ -74.042442186999949, 4.612534165000056 ], [ -74.042774296999937, 4.612595233000093 ], [ -74.042946935999908, 4.612595260000091 ], [ -74.043008516999919, 4.612595270000043 ], [ -74.043322208999939, 4.61252010700008 ], [ -74.043580561999931, 4.612567038000066 ], [ -74.043805253999949, 4.612762621000059 ], [ -74.044070976999933, 4.612934908000057 ], [ -74.044350210999937, 4.613140103000092 ], [ -74.04459841399995, 4.613287528000058 ], [ -74.044830365999928, 4.613395542000092 ], [ -74.045102854999925, 4.613517615000092 ], [ -74.045585950999907, 4.613911401000053 ], [ -74.045717592999949, 4.614148211000042 ], [ -74.0456702379999, 4.614545940000085 ], [ -74.04572375999993, 4.614792274000081 ], [ -74.045818809999901, 4.615003516000058 ], [ -74.045969673999934, 4.61519958000008 ], [ -74.046272056999953, 4.615443199000083 ], [ -74.046452201999898, 4.615610950000075 ], [ -74.046641361999946, 4.615741555000056 ], [ -74.047323089999907, 4.615987982000092 ], [ -74.047494222999944, 4.61619139600009 ], [ -74.04762431599994, 4.616448403000049 ], [ -74.047784666999917, 4.61673486400008 ], [ -74.047884385999907, 4.616803876000063 ], [ -74.04786796399992, 4.616954650000082 ], [ -74.047915222999904, 4.617201618000081 ], [ -74.048025031999941, 4.617564837000089 ], [ -74.048182653999902, 4.617750169000089 ], [ -74.048329503999923, 4.617975047000073 ], [ -74.04844270399991, 4.618241234000038 ], [ -74.048496729999897, 4.618423655000072 ], [ -74.048533880999912, 4.61848411200009 ], [ -74.048658218999947, 4.618636741000046 ], [ -74.048735389999933, 4.618871142000046 ], [ -74.048897487999909, 4.619271797000067 ], [ -74.048969512999918, 4.619561071000078 ], [ -74.048983011999951, 4.619661002000043 ], [ -74.049014498999952, 4.619956555000044 ], [ -74.0490453459999, 4.620286499000088 ], [ -74.049139903999901, 4.620516384000041 ], [ -74.049202928999932, 4.620758835000061 ], [ -74.049162357999933, 4.620987073000038 ], [ -74.049166827999898, 4.621212426000056 ], [ -74.04920735099995, 4.621323800000084 ], [ -74.049243371999921, 4.62141921400007 ], [ -74.049376217999907, 4.621624386000065 ], [ -74.049513597999919, 4.621627161000049 ], [ -74.049748443999931, 4.621727759000066 ], [ -74.049952736999899, 4.621849824000037 ], [ -74.050202718999913, 4.621913134000067 ], [ -74.050388021999936, 4.621948189000079 ], [ -74.050555804999931, 4.621973637000053 ], [ -74.051006225999913, 4.622055059000047 ], [ -74.051054645999898, 4.622065305000092 ], [ -74.051431307999906, 4.622137676000079 ], [ -74.051689740999905, 4.622147245000065 ], [ -74.051912067999922, 4.622163662000048 ], [ -74.052135026999906, 4.622202676000086 ], [ -74.052324209999938, 4.622187520000068 ], [ -74.052575390999948, 4.622229857000093 ], [ -74.052860209999949, 4.622280250000074 ], [ -74.053096187999927, 4.622339041000089 ], [ -74.053369810999925, 4.622429474000057 ], [ -74.053946349999933, 4.622527224000066 ], [ -74.054270019999933, 4.622578116000057 ], [ -74.054602279999926, 4.62261269600009 ], [ -74.055333649999909, 4.622748883000042 ], [ -74.055562721999934, 4.622854635000067 ], [ -74.055754127999933, 4.623054588000059 ], [ -74.05593203199993, 4.623182367000084 ], [ -74.056133652999904, 4.623304919000077 ], [ -74.056306487999905, 4.623450706000085 ], [ -74.056337381999924, 4.623468787000093 ], [ -74.056661421999934, 4.62391099000007 ], [ -74.056690485999923, 4.623927095000056 ], [ -74.056736723999904, 4.623942567000086 ], [ -74.056788100999938, 4.62394652800009 ], [ -74.056816603999948, 4.623945544000094 ], [ -74.05689127699992, 4.623960031000081 ], [ -74.056954755999925, 4.623980592000066 ], [ -74.05700655399994, 4.623995923000052 ], [ -74.057046880999906, 4.624005955000086 ], [ -74.057081507999953, 4.624016131000076 ], [ -74.057155756999919, 4.624019317000091 ], [ -74.057190521999928, 4.624035141000093 ], [ -74.057224655999903, 4.624033945000065 ], [ -74.05725358199993, 4.62404433200004 ], [ -74.057413063999945, 4.62403884400004 ], [ -74.057452687999898, 4.624031787000092 ], [ -74.057480912999949, 4.624025154000037 ], [ -74.057640463999917, 4.624019525000051 ], [ -74.057697753999946, 4.624028925000061 ], [ -74.058107717999917, 4.62401471600009 ], [ -74.058146992999923, 4.623996290000093 ], [ -74.058334908999939, 4.623989676000065 ], [ -74.058368762999919, 4.623982900000044 ], [ -74.058704830999943, 4.62397122100009 ], [ -74.058744875999935, 4.623975605000055 ], [ -74.05877900899992, 4.623974412000052 ], [ -74.058830738999916, 4.623984022000059 ], [ -74.058859100999939, 4.623982966000085 ], [ -74.058916812999939, 4.623998087000075 ], [ -74.058945245999951, 4.623997103000079 ], [ -74.058991342999946, 4.62401264600004 ], [ -74.059036947999914, 4.624011027000051 ], [ -74.059059961999935, 4.624015901000064 ], [ -74.059088675999931, 4.624020637000058 ], [ -74.059123021999937, 4.624025162000066 ], [ -74.059151874999941, 4.624035547000062 ], [ -74.05918608099995, 4.62403442100009 ], [ -74.059226617999911, 4.62405003300006 ], [ -74.05930051699994, 4.624047502000053 ], [ -74.059346404999928, 4.624051604000044 ], [ -74.059375046999946, 4.624056409000048 ], [ -74.059455701999923, 4.624076336000087 ], [ -74.059484064999936, 4.624075351000045 ], [ -74.059529880999946, 4.624079453000093 ], [ -74.059587450999913, 4.624094572000047 ], [ -74.059627495999905, 4.624098887000059 ], [ -74.059656629999949, 4.624114919000078 ], [ -74.05970237899993, 4.624119094000093 ], [ -74.059731301999932, 4.624129479000089 ], [ -74.059754457999929, 4.624140075000071 ], [ -74.059777470999904, 4.624144951000062 ], [ -74.059840950999899, 4.624165581000057 ], [ -74.059898097999906, 4.624169262000066 ], [ -74.05992716399993, 4.624185367000052 ], [ -74.059967699999902, 4.624201119000077 ], [ -74.059996344999945, 4.624205784000083 ], [ -74.060042582999927, 4.624221255000066 ], [ -74.060094449999951, 4.624236658000086 ], [ -74.060152229999915, 4.624257358000079 ], [ -74.060204098999918, 4.624272619000067 ], [ -74.060261315999924, 4.624276369000086 ], [ -74.06029573099994, 4.624280893000048 ], [ -74.060365263999927, 4.624312682000038 ], [ -74.06039981899994, 4.624322784000071 ], [ -74.060440074999917, 4.624332889000073 ], [ -74.060468718999914, 4.624337553000089 ], [ -74.060509256999921, 4.624353236000047 ], [ -74.060550212999942, 4.624380361000078 ], [ -74.060584627999901, 4.62438488500004 ], [ -74.060625515999902, 4.624412009000082 ], [ -74.060654790999934, 4.624433694000061 ], [ -74.060701099999903, 4.624449236000089 ], [ -74.060719111999902, 4.624477064000075 ], [ -74.060748598999908, 4.624504538000053 ], [ -74.060800957999902, 4.624531241000057 ], [ -74.060830304999911, 4.624552994000055 ], [ -74.060934672999906, 4.624600677000046 ], [ -74.06096380799994, 4.624616782000089 ], [ -74.060998362999953, 4.624626957000089 ], [ -74.061067965999939, 4.62465874500009 ], [ -74.061108712999953, 4.624680149000085 ], [ -74.061137145999908, 4.624679162000064 ], [ -74.061177470999951, 4.624689197000066 ], [ -74.061206536999919, 4.624705230000075 ], [ -74.061241372999916, 4.624721126000054 ], [ -74.061287469999911, 4.624736669000072 ], [ -74.061392046999913, 4.62479 ], [ -74.061438144999897, 4.624799752000058 ], [ -74.061519079999925, 4.624831189000076 ], [ -74.061553703999948, 4.624841504000074 ], [ -74.061582489999921, 4.624851748000083 ], [ -74.061634496999943, 4.624867079000069 ], [ -74.061692487999949, 4.624893569000051 ], [ -74.061734005999938, 4.624937783000064 ], [ -74.061798046999911, 4.624975432000042 ], [ -74.061826832999941, 4.624980097000048 ], [ -74.061862019999921, 4.625007503000063 ], [ -74.061926202999928, 4.625045080000064 ], [ -74.061967510999921, 4.625083576000065 ], [ -74.062002485999926, 4.625105118000079 ], [ -74.062066455999911, 4.625137119000044 ], [ -74.062107343999912, 4.625164171000051 ], [ -74.062125567999942, 4.625197718000038 ], [ -74.062160895999909, 4.625225125000043 ], [ -74.062179049999941, 4.625252880000062 ], [ -74.062253932999909, 4.625273087000039 ], [ -74.062311500999897, 4.625288209000075 ], [ -74.062346057999946, 4.625298452000038 ], [ -74.062386803999914, 4.625319783000066 ], [ -74.062415657999907, 4.625330169000051 ], [ -74.062473016999945, 4.625339569000062 ], [ -74.062661004999939, 4.625333097000066 ], [ -74.062717660999908, 4.625325405000069 ], [ -74.062813873999914, 4.625305010000091 ], [ -74.062876090999907, 4.62529145700006 ], [ -74.062967163999929, 4.62528829300004 ], [ -74.063074779999909, 4.625267543000064 ], [ -74.063125524999919, 4.625254202000065 ], [ -74.063188021999906, 4.625246441000058 ], [ -74.06324996099994, 4.625227100000075 ], [ -74.063284234999912, 4.625225975000092 ], [ -74.063317877999907, 4.625213408000093 ], [ -74.06334617199991, 4.62520670300006 ], [ -74.063380024999901, 4.625199856000052 ], [ -74.063419791999934, 4.625192800000093 ], [ -74.063447804999953, 4.62518044400008 ], [ -74.063493270999913, 4.625178825000091 ], [ -74.0635330369999, 4.625171768000087 ], [ -74.063560838999933, 4.625153693000073 ], [ -74.063629178999918, 4.625151373000051 ], [ -74.063697236999928, 4.625143330000071 ], [ -74.063731370999903, 4.625142064000045 ], [ -74.063765153999952, 4.625129496000056 ], [ -74.063827445999948, 4.625115946000051 ], [ -74.063895222999918, 4.625096533000089 ], [ -74.063957789999904, 4.625094352000076 ], [ -74.064014307999912, 4.625080940000089 ], [ -74.064070402999903, 4.625056230000041 ], [ -74.064138672999945, 4.625053839000088 ], [ -74.064194978999922, 4.625034919000086 ], [ -74.064257267999949, 4.625021226000058 ], [ -74.064285069999926, 4.625003292000088 ], [ -74.064324975999909, 4.62500181300004 ], [ -74.064398315999938, 4.624982191000072 ], [ -74.064546325999913, 4.624977053000066 ], [ -74.064581090999923, 4.624992877000068 ], [ -74.064713190999953, 4.625016905000052 ], [ -74.064787232999947, 4.62501423100008 ], [ -74.064838678999934, 4.625018192000084 ], [ -74.064975357999913, 4.625013477000039 ], [ -74.065033136999944, 4.625034247000087 ], [ -74.065067342999953, 4.625032981000061 ], [ -74.065101758999901, 4.62503750500008 ], [ -74.065136525999947, 4.625053469000079 ], [ -74.065165167999908, 4.625058274000082 ], [ -74.065200002999916, 4.625074098000084 ], [ -74.065241102999948, 4.625106871000071 ], [ -74.065270447999922, 4.62512855600005 ], [ -74.06529930399995, 4.625139012000091 ], [ -74.065323297999953, 4.625172346000056 ], [ -74.065347223999936, 4.625200033000056 ], [ -74.065394022999953, 4.625232525000058 ], [ -74.065423368999916, 4.62525442000009 ], [ -74.065469677999943, 4.625275613000042 ], [ -74.065504721999901, 4.62529722700009 ], [ -74.065534139999897, 4.625318983000057 ], [ -74.065586778999943, 4.625357052000084 ], [ -74.065593532999912, 4.625385373000086 ], [ -74.065617458999952, 4.625412988000051 ], [ -74.06564708499991, 4.625446113000066 ], [ -74.065659957999912, 4.625485590000039 ], [ -74.065683604999947, 4.625507557000049 ], [ -74.065685076999898, 4.625547459000074 ], [ -74.065701968999917, 4.625541104000092 ], [ -74.066020730999924, 4.626042623000046 ], [ -74.066663905999917, 4.626883017000068 ], [ -74.067044691999911, 4.627222609000057 ], [ -74.0674504079999, 4.627352616000053 ], [ -74.067534096999907, 4.627886265000086 ], [ -74.067575956999917, 4.628020732000039 ], [ -74.067689011999903, 4.628092179000078 ], [ -74.067944445999899, 4.628172044000053 ], [ -74.068070038999906, 4.628470393000043 ], [ -74.068407214999922, 4.628803970000092 ], [ -74.068405989999917, 4.628810954000073 ], [ -74.068403970999952, 4.628822476000039 ], [ -74.066186909999942, 4.641458941000053 ], [ -74.064634739999917, 4.649647362000053 ], [ -74.06413277799993, 4.652386746000047 ], [ -74.064038141999902, 4.652718863000075 ], [ -74.063935697999909, 4.653004653000039 ], [ -74.063834941999914, 4.653313536000041 ], [ -74.063711450999904, 4.653617118000057 ], [ -74.063623297999925, 4.653885112000069 ], [ -74.06346833899994, 4.654242786000054 ], [ -74.063194916999919, 4.654670217000046 ], [ -74.063047014999938, 4.654872176000083 ], [ -74.062851112999908, 4.65507497100009 ], [ -74.062691728999937, 4.65535680000005 ], [ -74.0625730349999, 4.65557577800007 ], [ -74.062511288999929, 4.65572753400005 ], [ -74.062491203999912, 4.65593791100008 ], [ -74.057247031999907, 4.686836296000081 ], [ -74.05220436299993, 4.685903765000091 ], [ -74.050016371999902, 4.685481670000058 ], [ -74.048361385999897, 4.684975294000083 ], [ -74.046902786999908, 4.684300234000091 ], [ -74.043312410999931, 4.682612579000079 ], [ -74.03826351999993, 4.679968648000056 ], [ -74.03820963499993, 4.679944682000041 ], [ -74.033321187999945, 4.67777054000004 ], [ -74.033283150999921, 4.677756626000075 ], [ -74.0332444739999, 4.677751446000059 ], [ -74.033215901999938, 4.677740282000059 ], [ -74.033163910999917, 4.677733317000047 ], [ -74.033087572999932, 4.677721270000063 ], [ -74.033068060999938, 4.677721449000046 ], [ -74.0330372009999, 4.677711442000088 ], [ -74.033002078999914, 4.677697718000047 ], [ -74.032936058999951, 4.677685100000076 ], [ -74.032880685999942, 4.677673287000061 ], [ -74.032836562999933, 4.677668162000089 ], [ -74.032794916999933, 4.677658122000082 ], [ -74.032767261999936, 4.67765283600005 ], [ -74.032683256999917, 4.677631185000052 ], [ -74.032604644999935, 4.677613741000073 ], [ -74.032534855999927, 4.677601670000058 ], [ -74.032490619999919, 4.677597641000091 ], [ -74.032450129999916, 4.677580670000054 ], [ -74.032378344999927, 4.677574786000093 ], [ -74.032304851999925, 4.677557066000077 ], [ -74.032288634999929, 4.677557216000082 ], [ -74.032261587999926, 4.677547321000077 ], [ -74.032184441999902, 4.677519973000074 ], [ -74.032117072999938, 4.677514452000082 ], [ -74.032059168999922, 4.677499176000083 ], [ -74.031992610999907, 4.677487663000079 ], [ -74.031943430999945, 4.677478264000058 ], [ -74.031917820999922, 4.677469959000064 ], [ -74.03186551899995, 4.677450825000051 ], [ -74.031838212999901, 4.677445605000059 ], [ -74.031809640999938, 4.677434441000059 ], [ -74.031777850999902, 4.677428366000072 ], [ -74.03172251399991, 4.677410423000083 ], [ -74.031672592999939, 4.677404626000055 ], [ -74.031573849999916, 4.677380818000074 ], [ -74.031529648999935, 4.677362290000076 ], [ -74.031498760999909, 4.677357416000063 ], [ -74.031443028999945, 4.67733009300008 ], [ -74.031406764999929, 4.677303320000078 ], [ -74.031388418999938, 4.677288867000073 ], [ -74.031356430999949, 4.67725106100005 ], [ -74.031283353999925, 4.677203143000042 ], [ -74.031273343999942, 4.677193284000055 ], [ -74.031252411999901, 4.677157301000079 ], [ -74.031208004999939, 4.677106270000081 ], [ -74.031180337999899, 4.677079014000071 ], [ -74.031174951999901, 4.677070189000062 ], [ -74.031164952999916, 4.677045760000055 ], [ -74.031139991999908, 4.67699680000004 ], [ -74.031119964999903, 4.676972146000082 ], [ -74.031112875999952, 4.676954831000046 ], [ -74.031096995999917, 4.676923678000094 ], [ -74.031093835999911, 4.676914442000054 ], [ -74.031093528999918, 4.676881024000068 ], [ -74.031072242999926, 4.67683241800006 ], [ -74.031068814999912, 4.676812895000069 ], [ -74.031062079999913, 4.67676849500009 ], [ -74.031052300999932, 4.67673072000008 ], [ -74.031052095999939, 4.676708038000072 ], [ -74.031046036999953, 4.676668103000054 ], [ -74.031045068999902, 4.676562120000085 ], [ -74.031037672999901, 4.676526701000057 ], [ -74.03103062699995, 4.676474054000039 ], [ -74.031018927999924, 4.676439884000047 ], [ -74.031015235999917, 4.676412298000059 ], [ -74.031014935999906, 4.676379580000059 ], [ -74.031003028999919, 4.676322561000063 ], [ -74.031002757999943, 4.676292783000065 ], [ -74.030987774999915, 4.676227944000061 ], [ -74.030973675999917, 4.676173486000039 ], [ -74.030967363999935, 4.676158064000049 ], [ -74.030967175999933, 4.676137354000048 ], [ -74.030953017999934, 4.676082661000066 ], [ -74.030946258999904, 4.676044151000042 ], [ -74.030934989999935, 4.676011232000064 ], [ -74.030928612999901, 4.675969209000073 ], [ -74.030909983999948, 4.675920713000039 ], [ -74.030901677999907, 4.675880951000067 ], [ -74.030858216999945, 4.675812581000059 ], [ -74.030835830999933, 4.675785025000039 ], [ -74.030815205999943, 4.675751238000089 ], [ -74.030732382999929, 4.675669645000085 ], [ -74.030673490999902, 4.675644959000067 ], [ -74.030606317999911, 4.675615064000056 ], [ -74.030551279999941, 4.675597217000075 ], [ -74.030505577999918, 4.675580496000066 ], [ -74.030451937999942, 4.675563103000059 ], [ -74.030406169999935, 4.675563523000051 ], [ -74.030354824999904, 4.675552569000047 ], [ -74.030315189999953, 4.675552932000073 ], [ -74.030288651999911, 4.675544326000079 ], [ -74.030230745999916, 4.675536569000087 ], [ -74.030218174999902, 4.675536684000065 ], [ -74.030166724999901, 4.675514305000092 ], [ -74.030120597999939, 4.675514727000063 ], [ -74.030069305999916, 4.675509486000067 ], [ -74.029994508999948, 4.675510171000042 ], [ -74.029975161999914, 4.675506472000052 ], [ -74.029872520999902, 4.675490277000051 ], [ -74.029806313999927, 4.675477620000038 ], [ -74.029773581999905, 4.675477920000048 ], [ -74.029739316999951, 4.675466808000067 ], [ -74.029680951999921, 4.675467344000083 ], [ -74.029670274999944, 4.675465304000056 ], [ -74.029638255999942, 4.675454922000085 ], [ -74.029625291999935, 4.675450717000047 ], [ -74.029453835999902, 4.675452291000056 ], [ -74.029413611999928, 4.675448178000067 ], [ -74.029378938999912, 4.675441552000052 ], [ -74.028796659999898, 4.67544689500005 ], [ -74.028702145999944, 4.675460423000061 ], [ -74.028675406999923, 4.675465146000079 ], [ -74.028088222999941, 4.675470532000077 ], [ -74.028048472999899, 4.675482326000065 ], [ -74.028011809999953, 4.675482660000057 ], [ -74.027958497999919, 4.675501034000092 ], [ -74.027905644999919, 4.675521477000075 ], [ -74.027846002999922, 4.675552085000049 ], [ -74.027819932999932, 4.675572078000073 ], [ -74.027803094999911, 4.675582429000087 ], [ -74.027756395999916, 4.675603015000092 ], [ -74.027723093999953, 4.675630253000065 ], [ -74.02768767799995, 4.675650990000065 ], [ -74.027653726999915, 4.675674153000045 ], [ -74.027618017999941, 4.67569506600006 ], [ -74.027562077999903, 4.675726922000081 ], [ -74.027520963999905, 4.675756960000058 ], [ -74.027497508999943, 4.675771373000089 ], [ -74.027468529999908, 4.675788344000068 ], [ -74.027420421999921, 4.675804925000079 ], [ -74.027378962999933, 4.675826202000053 ], [ -74.027341297999953, 4.675836016000062 ], [ -74.027305465999916, 4.675848367000071 ], [ -74.027275436999901, 4.675857273000076 ], [ -74.027235635999943, 4.675863353000068 ], [ -74.027194625999925, 4.675875517000065 ], [ -74.027175978999935, 4.675878812000064 ], [ -74.027032547999909, 4.675880127000084 ], [ -74.026992124999936, 4.675871503000053 ], [ -74.026965059999952, 4.675866328000041 ], [ -74.026928251999948, 4.675857454000038 ], [ -74.026891011999908, 4.675843831000066 ], [ -74.026851001999944, 4.675827058000039 ], [ -74.02679859999995, 4.675807888000065 ], [ -74.026759822999907, 4.675797155000055 ], [ -74.026729498999941, 4.67578530600008 ], [ -74.026706670999943, 4.675779804000058 ], [ -74.026624994999906, 4.675747890000082 ], [ -74.02654919999992, 4.675723309000091 ], [ -74.026463037999918, 4.675702536000074 ], [ -74.026449514999911, 4.675702658000091 ], [ -74.02642250699995, 4.675691338000092 ], [ -74.026367087999915, 4.675677976000088 ], [ -74.026205220999941, 4.675642057000061 ], [ -74.026129531999914, 4.675642751000055 ], [ -74.026101012999902, 4.675637301000052 ], [ -74.026029710999921, 4.675637954000081 ], [ -74.025994931999946, 4.67562956800009 ], [ -74.025952824999933, 4.67562152000005 ], [ -74.025898438999945, 4.67562201800007 ], [ -74.025818626999921, 4.675611325000091 ], [ -74.025792987999921, 4.675611561000039 ], [ -74.025735899999916, 4.675594944000068 ], [ -74.025690824999913, 4.675595357000077 ], [ -74.025638148999917, 4.675590560000046 ], [ -74.0255695809999, 4.675585900000044 ], [ -74.02555037399992, 4.675582229000042 ], [ -74.02549384699995, 4.675568601000066 ], [ -74.025471938999942, 4.675568800000065 ], [ -74.025426232999905, 4.675552081000092 ], [ -74.025377109999908, 4.675552530000061 ], [ -74.025320070999953, 4.675541629000065 ], [ -74.025278569999898, 4.675542009000083 ], [ -74.025244252999926, 4.675525184000094 ], [ -74.025184702999923, 4.675525730000061 ], [ -74.02513330599993, 4.67550906200006 ], [ -74.025063553999928, 4.675509702000056 ], [ -74.025035033999927, 4.675504253000042 ], [ -74.024956879999934, 4.675504968000041 ], [ -74.024911278999923, 4.675499673000047 ], [ -74.024824796999951, 4.675500466000074 ], [ -74.024775345999899, 4.675510861000078 ], [ -74.024733084999923, 4.675528274000044 ], [ -74.024680791999913, 4.675555108000083 ], [ -74.024636528999906, 4.675581030000046 ], [ -74.024593877999905, 4.675608321000084 ], [ -74.024477411999953, 4.675668091000091 ], [ -74.024412394999899, 4.675695973000074 ], [ -74.024374551999927, 4.675712658000066 ], [ -74.024326068999926, 4.675731409000093 ], [ -74.024289747999944, 4.675750049000044 ], [ -74.024255459999949, 4.675765168000055 ], [ -74.024206975999903, 4.675783918000093 ], [ -74.024188361999904, 4.675793471000077 ], [ -74.024160447999918, 4.675801751000051 ], [ -74.024110611999902, 4.675814737000053 ], [ -74.024072339999918, 4.675829541000041 ], [ -74.023990093999942, 4.675839474000043 ], [ -74.023943781999947, 4.675839898000049 ], [ -74.023917218999941, 4.675832545000048 ], [ -74.023867136999911, 4.675820471000065 ], [ -74.023850799999934, 4.675817346000088 ], [ -74.023804182999925, 4.675794493000069 ], [ -74.023759850999909, 4.675775910000084 ], [ -74.023740928999928, 4.675768515000073 ], [ -74.023725707999915, 4.675758534000067 ], [ -74.023611714999902, 4.675646230000041 ], [ -74.023594561999914, 4.675625115000059 ], [ -74.023568605999913, 4.675589351000042 ], [ -74.023522733999926, 4.675521664000087 ], [ -74.023481025999899, 4.675463027000092 ], [ -74.023430809999923, 4.675395061000074 ], [ -74.023373086999925, 4.675331881000091 ], [ -74.023287151999909, 4.675247219000084 ], [ -74.023235745999898, 4.675190256000064 ], [ -74.023178239999936, 4.675147798000069 ], [ -74.02314277399995, 4.675124542000049 ], [ -74.023088220999909, 4.675086196000052 ], [ -74.023049565999941, 4.67507549700008 ], [ -74.022989345999918, 4.675031037000053 ], [ -74.022925063999935, 4.674999521000075 ], [ -74.022868866999943, 4.67498396700006 ], [ -74.022835387999919, 4.674978684000052 ], [ -74.02276926299993, 4.674959440000066 ], [ -74.022724812999911, 4.674959848000071 ], [ -74.022704175999934, 4.674957738000046 ], [ -74.022669848999954, 4.674937500000055 ], [ -74.022221415999923, 4.67494160800004 ], [ -74.022131120999916, 4.67498379400007 ], [ -74.022116731999915, 4.674992637000059 ], [ -74.022089372999915, 4.674996812000074 ], [ -74.022048028999905, 4.675011065000092 ], [ -74.02201499499995, 4.675020861000064 ], [ -74.021984177999911, 4.675027338000064 ], [ -74.021943746999909, 4.675041276000059 ], [ -74.021718395999926, 4.675043339000069 ], [ -74.021690909999904, 4.67503442800006 ], [ -74.021653393999941, 4.675030071000037 ], [ -74.021632200999932, 4.675019680000048 ], [ -74.021614816999943, 4.675012887000094 ], [ -74.021601950999923, 4.675002751000079 ], [ -74.021552542999927, 4.674921814000072 ], [ -74.021512231999907, 4.674872195000091 ], [ -74.021503105999898, 4.67484989400009 ], [ -74.021465295999917, 4.674790410000071 ], [ -74.021411150999938, 4.674723761000052 ], [ -74.021393108999916, 4.67470598500006 ], [ -74.021364328999937, 4.674671972000056 ], [ -74.021283781999898, 4.674592619000066 ], [ -74.02125893199991, 4.674576322000064 ], [ -74.021242240999925, 4.67455169100009 ], [ -74.021206460999906, 4.674516445000052 ], [ -74.02118831699994, 4.674491444000068 ], [ -74.021166625999911, 4.674448892000044 ], [ -74.021110282999928, 4.674393383000051 ], [ -74.021070116999908, 4.674359475000074 ], [ -74.021037987999932, 4.674327821000077 ], [ -74.020999508999921, 4.674279107000075 ], [ -74.020943014999943, 4.674217273000068 ], [ -74.020890790999943, 4.674165823000067 ], [ -74.020842435999953, 4.674137310000049 ], [ -74.020785247999925, 4.674114964000069 ], [ -74.020766283999933, 4.674115136000069 ], [ -74.020762934999937, 4.674113164000062 ], [ -74.0206561359999, 4.674054905000048 ], [ -74.020628085999931, 4.674041154000065 ], [ -74.020580699999925, 4.674021290000042 ], [ -74.02050745799994, 4.673997536000059 ], [ -74.020481133999908, 4.673997779000047 ], [ -74.020452659999933, 4.67398735900008 ], [ -74.020401109999909, 4.673970642000086 ], [ -74.020399966999946, 4.673970248000046 ], [ -74.020331270999918, 4.673945896000077 ], [ -74.020254890999922, 4.673931295000045 ], [ -74.020207269999901, 4.673931732000085 ], [ -74.020153810999943, 4.673939894000057 ], [ -74.020075836999922, 4.673960213000043 ], [ -74.020040002999906, 4.673972563000063 ], [ -74.020017726999924, 4.673979173000077 ], [ -74.019978446999914, 4.673979531000043 ], [ -74.019944442999929, 4.673996982000062 ], [ -74.019877619999932, 4.67399759500006 ], [ -74.019827794999912, 4.674005203000092 ], [ -74.019773142999952, 4.674015692000069 ], [ -74.019600020999917, 4.674017278000065 ], [ -74.019582023999931, 4.674010244000044 ], [ -74.019532394999942, 4.67400075900008 ], [ -74.019512580999901, 4.674000939000052 ], [ -74.019491243999937, 4.673988359000077 ], [ -74.019430094999905, 4.673980164000056 ], [ -74.019387967999933, 4.673973517000093 ], [ -74.019341267999948, 4.673973944000068 ], [ -74.019293703999949, 4.673962476000042 ], [ -74.0192365609999, 4.673940147000053 ], [ -74.019192251999925, 4.673929463000093 ], [ -74.019157649999897, 4.673914957000079 ], [ -74.019094813999914, 4.673892680000051 ], [ -74.019051820999948, 4.673874658000045 ], [ -74.018994731999953, 4.673858043000052 ], [ -74.018974725999954, 4.673849658000051 ], [ -74.018962980999902, 4.673840404000089 ], [ -74.01893425399993, 4.673812103000046 ], [ -74.018910515999949, 4.673793401000069 ], [ -74.018877137999937, 4.673752318000084 ], [ -74.018866013999912, 4.673734092000075 ], [ -74.018848067999897, 4.673698885000078 ], [ -74.018816192999907, 4.673667483000088 ], [ -74.018802136999909, 4.67364445700008 ], [ -74.018773604999922, 4.673609337000073 ], [ -74.01874482799991, 4.67357532200009 ], [ -74.01869875999995, 4.673518615000091 ], [ -74.018673143999933, 4.673488341000052 ], [ -74.018650693999916, 4.673455211000089 ], [ -74.018620631999909, 4.673418205000075 ], [ -74.018595409999932, 4.673393359000045 ], [ -74.018575847999898, 4.673364489000051 ], [ -74.018557261999945, 4.673341613000048 ], [ -74.018543334999947, 4.673314288000086 ], [ -74.018527727999924, 4.673288720000073 ], [ -74.018518815999926, 4.673268371000063 ], [ -74.018514845999903, 4.673245756000085 ], [ -74.018510807999917, 4.673226415000045 ], [ -74.018510171999935, 4.673156524000092 ], [ -74.018485401999953, 4.673132122000084 ], [ -74.01848513199991, 4.673130583000045 ], [ -74.018470811999919, 4.673068605000083 ], [ -74.018452780999951, 4.673021670000082 ], [ -74.018443586999922, 4.672986157000082 ], [ -74.018418014999952, 4.672948419000079 ], [ -74.018404688999908, 4.672909496000045 ], [ -74.018386001999943, 4.672860854000078 ], [ -74.018344928999909, 4.672760493000055 ], [ -74.018241195999906, 4.672761445000049 ], [ -74.018200768999918, 4.672752820000085 ], [ -74.018167032999941, 4.672746369000038 ], [ -74.018110379999939, 4.672739791000083 ], [ -74.018078243999923, 4.672740084000054 ], [ -74.018045697999924, 4.672728180000092 ], [ -74.017980330999933, 4.672712417000071 ], [ -74.017926375999934, 4.672712911000076 ], [ -74.017907027999911, 4.672709212000086 ], [ -74.017879748999917, 4.672704907000082 ], [ -74.017847221999943, 4.672694358000058 ], [ -74.017787106999947, 4.67268286500007 ], [ -74.017725481999946, 4.672666609000089 ], [ -74.017630457999928, 4.672646333000046 ], [ -74.017523184999902, 4.672601363000069 ], [ -74.017498140999919, 4.672589084000037 ], [ -74.0174499069999, 4.672557458000085 ], [ -74.017430014999945, 4.672532968000041 ], [ -74.017392382999901, 4.672503324000047 ], [ -74.01735943999995, 4.672476287000052 ], [ -74.017337274999932, 4.672457573000088 ], [ -74.017319880999935, 4.672423455000057 ], [ -74.017271773999937, 4.672382839000079 ], [ -74.017239842999913, 4.67234092700005 ], [ -74.017129810999904, 4.672232522000058 ], [ -74.017089696999903, 4.672204324000063 ], [ -74.017077350999898, 4.672192161000055 ], [ -74.017070515999933, 4.672176554000089 ], [ -74.017059660999905, 4.672144850000052 ], [ -74.017039923999903, 4.672093472000086 ], [ -74.017001702999949, 4.672012339000048 ], [ -74.016968396999914, 4.671952382000086 ], [ -74.016958487999943, 4.671928168000079 ], [ -74.016912004999938, 4.671825762000083 ], [ -74.01689938599992, 4.671794926000075 ], [ -74.01687209399995, 4.671741386000065 ], [ -74.016838752999945, 4.671686769000075 ], [ -74.016815086999941, 4.671634626000071 ], [ -74.016789149999909, 4.67159382400007 ], [ -74.016775280999923, 4.671553308000057 ], [ -74.016747094999914, 4.671518614000092 ], [ -74.016733709999926, 4.671492361000048 ], [ -74.016717590999917, 4.671464646000061 ], [ -74.016707040999904, 4.671418980000055 ], [ -74.016679438999915, 4.671358166000061 ], [ -74.016661994999936, 4.67131833600007 ], [ -74.016637380999953, 4.671264112000074 ], [ -74.016597546999947, 4.671185969000078 ], [ -74.016590985999926, 4.671148574000085 ], [ -74.016557090999925, 4.67109030000006 ], [ -74.016541385999915, 4.671064572000091 ], [ -74.016523991999918, 4.671030452000082 ], [ -74.016510850999907, 4.671008923000045 ], [ -74.016500567999913, 4.670978889000082 ], [ -74.01644332199993, 4.670866591000049 ], [ -74.016418006999913, 4.670823065000093 ], [ -74.01640475499994, 4.670801354000048 ], [ -74.016390195999918, 4.670765784000082 ], [ -74.016349432999903, 4.670715603000076 ], [ -74.016314131999934, 4.670686631000081 ], [ -74.016285352999944, 4.670652617000087 ], [ -74.016229199999941, 4.670606530000043 ], [ -74.016182862999926, 4.670588425000062 ], [ -74.016141563999952, 4.67057331500007 ], [ -74.016118856999924, 4.670562183000072 ], [ -74.016070124999942, 4.670530227000086 ], [ -74.016028762999952, 4.670523698000068 ], [ -74.015992910999898, 4.670506120000084 ], [ -74.015944800999932, 4.67048851900006 ], [ -74.01589335299991, 4.670466138000052 ], [ -74.01584565099995, 4.670448688000079 ], [ -74.015822586999946, 4.670439674000079 ], [ -74.015767491999952, 4.670412662000047 ], [ -74.015733101999899, 4.670406089000039 ], [ -74.015687397999898, 4.670389366000052 ], [ -74.015645890999906, 4.670381433000045 ], [ -74.0156029609999, 4.67037644800007 ], [ -74.015561315999946, 4.670366405000038 ], [ -74.015531341999917, 4.670360677000076 ], [ -74.015490100999898, 4.670351876000041 ], [ -74.015460406999921, 4.670340273000079 ], [ -74.015403367999909, 4.670329369000058 ], [ -74.015374796999936, 4.670318205000058 ], [ -74.015346276999935, 4.670312752000086 ], [ -74.015317705999905, 4.67030158700004 ], [ -74.01528918899993, 4.670296137000093 ], [ -74.015258908999897, 4.670284304000063 ], [ -74.01521446299995, 4.670277290000058 ], [ -74.015197883999917, 4.670274121000091 ], [ -74.0151758639999, 4.67026551500004 ], [ -74.015131780999923, 4.670251220000068 ], [ -74.015103260999922, 4.67024576700004 ], [ -74.015077650999899, 4.670237461000056 ], [ -74.014986243999942, 4.670204020000085 ], [ -74.014921356999935, 4.670182977000081 ], [ -74.014858470999911, 4.670154987000046 ], [ -74.014786749999928, 4.670131729000047 ], [ -74.014712475999943, 4.670103845000085 ], [ -74.014643945999921, 4.67008161800004 ], [ -74.014569673999915, 4.670053734000078 ], [ -74.014523456999939, 4.670038746000046 ], [ -74.014476160999948, 4.670015558000046 ], [ -74.014414553999927, 4.669997627000043 ], [ -74.014389517999916, 4.669987842000069 ], [ -74.01430010699994, 4.669955134000077 ], [ -74.014249783999901, 4.669933241000081 ], [ -74.014192641999898, 4.669910910000056 ], [ -74.01414245299992, 4.669889079000086 ], [ -74.01411420699992, 4.669877237000094 ], [ -74.014078165999933, 4.669850629000052 ], [ -74.014023111999904, 4.669811928000058 ], [ -74.01398884799994, 4.669800817000066 ], [ -74.013957934999951, 4.669779088000041 ], [ -74.013906077999934, 4.669749979000073 ], [ -74.013877506999904, 4.669738816000063 ], [ -74.01384765499995, 4.669722061000073 ], [ -74.013821567999912, 4.669704954000053 ], [ -74.013795757999901, 4.669683772000042 ], [ -74.013766225999916, 4.66965467600005 ], [ -74.013737550999906, 4.669632087000082 ], [ -74.01370531799995, 4.669600331000083 ], [ -74.013676249999946, 4.669581269000048 ], [ -74.013663551999912, 4.669565637000062 ], [ -74.013630737999904, 4.669526855000072 ], [ -74.013605661999918, 4.669502148000049 ], [ -74.013588268999911, 4.669468030000075 ], [ -74.013570831999914, 4.669450852000068 ], [ -74.01356975199991, 4.669445672000052 ], [ -74.013553655999942, 4.669406341000069 ], [ -74.013534328999924, 4.669362210000088 ], [ -74.013511139999935, 4.669316717000072 ], [ -74.013490867999906, 4.669270429000051 ], [ -74.013468560999911, 4.669237513000041 ], [ -74.013455028999942, 4.669204449000063 ], [ -74.013431110999932, 4.669175004000067 ], [ -74.013413206999928, 4.669134118000045 ], [ -74.013384427999938, 4.669100104000051 ], [ -74.013372261999905, 4.669072329000073 ], [ -74.0133501709999, 4.669028991000062 ], [ -74.013310580999928, 4.668970570000056 ], [ -74.0132529199999, 4.668891114000076 ], [ -74.013234798999918, 4.668864371000041 ], [ -74.013203051999938, 4.668802096000093 ], [ -74.013169706999918, 4.668762685000047 ], [ -74.013128426999913, 4.668701767000073 ], [ -74.013117198999907, 4.668683375000057 ], [ -74.013104526999939, 4.668652408000071 ], [ -74.013092984999901, 4.668635373000086 ], [ -74.013087048999921, 4.668620872000076 ], [ -74.01308236299991, 4.668607183000063 ], [ -74.013082166999936, 4.668585766000092 ], [ -74.013076214999899, 4.668557257000089 ], [ -74.013074121999921, 4.668327282000064 ], [ -74.013081496999916, 4.668284369000048 ], [ -74.013096254999937, 4.668243761000042 ], [ -74.013107831999946, 4.668201649000082 ], [ -74.01312459199994, 4.668149628000037 ], [ -74.013142638999909, 4.668121923000058 ], [ -74.013158604999944, 4.668089135000059 ], [ -74.013179878999949, 4.66805867000005 ], [ -74.013199318999909, 4.668033827000045 ], [ -74.013214079999898, 4.668016224000041 ], [ -74.013238238999918, 4.668006272000071 ], [ -74.013269837999928, 4.667973983000081 ], [ -74.013314197999932, 4.667951218000042 ], [ -74.013329468999927, 4.667927775000067 ], [ -74.013347381999949, 4.667915556000082 ], [ -74.013396498999953, 4.667877887000088 ], [ -74.013428656999906, 4.667851587000087 ], [ -74.013486953999916, 4.667797969000048 ], [ -74.013529694999932, 4.667759749000084 ], [ -74.013556903999927, 4.667737499000054 ], [ -74.013587075999908, 4.667711798000084 ], [ -74.013743313999953, 4.667605213000058 ], [ -74.013784690999898, 4.66758696900007 ], [ -74.013831317999916, 4.667552904000047 ], [ -74.01387507499993, 4.667524903000071 ], [ -74.01392515799995, 4.667490737000094 ], [ -74.013959279999938, 4.667469767000057 ], [ -74.013992987999927, 4.667440237000051 ], [ -74.014030903999924, 4.667423521000046 ], [ -74.014068634999944, 4.667392665000079 ], [ -74.014086206999934, 4.667379826000058 ], [ -74.014117781999914, 4.667373188000056 ], [ -74.014163491999909, 4.66733580500005 ], [ -74.01420262399995, 4.667309109000087 ], [ -74.014275103999921, 4.667235047000077 ], [ -74.014310798999929, 4.667203777000054 ], [ -74.014389046999952, 4.667137129000082 ], [ -74.014422271999933, 4.667089544000078 ], [ -74.014467504999914, 4.667036714000062 ], [ -74.014502287999903, 4.666965291000054 ], [ -74.014502026999935, 4.666936728000053 ], [ -74.014524924999932, 4.666889713000046 ], [ -74.01454070099993, 4.666806628000074 ], [ -74.014538769999945, 4.666594305000046 ], [ -74.014516236999953, 4.666528483000093 ], [ -74.014491263999901, 4.666491631000042 ], [ -74.01446, 4.666415236000091 ], [ -74.014360150999948, 4.666399478000073 ], [ -74.014330258999905, 4.666396422000048 ], [ -74.014319096999941, 4.666389841000068 ], [ -74.014273704999937, 4.666367585000046 ], [ -74.014205175999905, 4.666345361000083 ], [ -74.014105209999911, 4.666296349000049 ], [ -74.014059695999947, 4.666278563000049 ], [ -74.013998474999937, 4.666270360000055 ], [ -74.013965698999925, 4.666270660000066 ], [ -74.013920524999946, 4.666258741000092 ], [ -74.013871845999915, 4.666242953000051 ], [ -74.013732391999952, 4.666244231000064 ], [ -74.013649018999899, 4.666283179000061 ], [ -74.013624077999907, 4.666294175000075 ], [ -74.013586880999924, 4.666299853000055 ], [ -74.013542423999922, 4.666317048000053 ], [ -74.013505991999921, 4.666321956000047 ], [ -74.01348446399993, 4.666326482000045 ], [ -74.013440564999939, 4.666326884000057 ], [ -74.013398607999932, 4.666348415000073 ], [ -74.013338451999914, 4.666358265000042 ], [ -74.013295735999918, 4.666368201000068 ], [ -74.01326576699995, 4.66636847400008 ], [ -74.013197601999934, 4.666386238000086 ], [ -74.01315205599991, 4.666386654000064 ], [ -74.01307840599992, 4.666405847000078 ], [ -74.013020326999936, 4.666412213000058 ], [ -74.012963319999926, 4.666428372000041 ], [ -74.012934918999917, 4.666428632000077 ], [ -74.012900811999941, 4.66643465900006 ], [ -74.012717873999918, 4.666436332000046 ], [ -74.012672273999897, 4.666431038000042 ], [ -74.012658497999951, 4.666431162000038 ], [ -74.012624887999948, 4.666411345000085 ], [ -74.012528854999914, 4.666384763000053 ], [ -74.012497591999932, 4.666377225000076 ], [ -74.012468852999916, 4.666373887000077 ], [ -74.012452943999904, 4.666364507000083 ], [ -74.012411289999932, 4.66634823000004 ], [ -74.012346867999952, 4.66632947800008 ], [ -74.012310692999904, 4.666320756000061 ], [ -74.012290741999948, 4.666310975000044 ], [ -74.012219179999931, 4.666269962000058 ], [ -74.012173454999925, 4.666250794000064 ], [ -74.01212901699995, 4.666231463000088 ], [ -74.012113839999927, 4.666222513000093 ], [ -74.012090110999907, 4.666203040000084 ], [ -74.012058379999928, 4.666171778000091 ], [ -74.012005966999936, 4.66613493400007 ], [ -74.011969582999939, 4.666114513000082 ], [ -74.011946789999911, 4.666095803000076 ], [ -74.011934749999909, 4.666083941000068 ], [ -74.011920245999931, 4.666055489000087 ], [ -74.011842895999905, 4.665960272000063 ], [ -74.011821847999897, 4.665935394000087 ], [ -74.011803187999931, 4.665898785000081 ], [ -74.011780049999913, 4.665859006000062 ], [ -74.011760416999948, 4.665820493000069 ], [ -74.011742832999914, 4.665777519000073 ], [ -74.011734997999952, 4.665740007000068 ], [ -74.011708450999947, 4.665696516000082 ], [ -74.011680658999921, 4.665647383000078 ], [ -74.011650000999907, 4.665592187000072 ], [ -74.011634421999929, 4.665551635000043 ], [ -74.011613342999908, 4.665503501000046 ], [ -74.011584086999903, 4.665453204000073 ], [ -74.011557102999916, 4.665416023000091 ], [ -74.011539443999936, 4.665381382000078 ], [ -74.011522002999925, 4.665341550000051 ], [ -74.011493279999911, 4.665285208000057 ], [ -74.011461293999901, 4.665241132000062 ], [ -74.011410060999935, 4.665160526000079 ], [ -74.011398976999942, 4.665135217000056 ], [ -74.011388556999918, 4.665099846000089 ], [ -74.011373460999948, 4.665055760000087 ], [ -74.011353496999902, 4.665016592000086 ], [ -74.011346887999935, 4.664984942000046 ], [ -74.011317786999939, 4.664934909000067 ], [ -74.011304818999918, 4.664905297000075 ], [ -74.011293566999939, 4.664872431000049 ], [ -74.011281917999952, 4.664843971000039 ], [ -74.011267673999953, 4.664802361000056 ], [ -74.011240491999899, 4.66475562700009 ], [ -74.011197044999903, 4.664670392000062 ], [ -74.011166359999947, 4.664600325000038 ], [ -74.01116193799993, 4.664585312000042 ] ] ] ] } }
]
}
