{
"type": "FeatureCollection",
"name": "chapinero",
"crs": { "type": "name", "properties": { "name": "urn:ogc:def:crs:EPSG::9377" } },
"features": [
{ "type": "Feature", "properties": { "LocNombre": "CHAPINERO", "LocAAdmini": "Acuerdo 8 de 1977 y Res 1751 de 2016", "LocArea": 38008914.994199999, "LocCodigo": "02", "SHAPE_Leng": 0.33396615612000002, "SHAPE_Area": 0.00309529269 }, "geometry": { "type": "MultiPolygon", "coordinates": [ [ [ [ 4887892.279620513319969, 2073511.920743436086923 ], [ 4887850.736913664266467, 2073514.827353627420962 ], [ 4887840.313497359864414, 2073514.15594041836448 ], [ 4887828.601309386081994, 2073504.071327111683786 ], [ 4887815.134247149340808, 2073498.658304060343653 ], [ 4887796.438450016081333, 2073484.147391225444153 ], [ 4887767.200196041725576, 2073467.69680783059448 ], [ 4887749.250018761493266, 2073461.411566206486896 ], [ 4887737.426587996073067, 2073459.114577855914831 ], [ 4887727.9269451322034, 2073458.076391875278205 ], [ 4887721.378974658437073, 2073454.719984325114638 ], [ 4887712.995218873023987, 2073452.505137591157109 ], [ 4887705.118713859468699, 2073455.974555830704048 ], [ 4887699.716060650534928, 2073460.189569355687127 ], [ 4887689.759913751855493, 2073463.623300631763414 ], [ 4887679.541816507466137, 2073466.792516268789768 ], [ 4887672.42483511660248, 2073471.404409418348223 ], [ 4887664.204633916728199, 2073472.893535822164267 ], [ 4887654.090255537070334, 2073473.00864707143046 ], [ 4887634.164216354489326, 2073468.698443362722173 ], [ 4887618.386522511020303, 2073462.020444172667339 ], [ 4887597.004942007362843, 2073460.185569497523829 ], [ 4887585.676475876010954, 2073453.417627746239305 ], [ 4887581.785037345252931, 2073449.310908612096682 ], [ 4887579.91176884341985, 2073447.905147276818752 ], [ 4887559.237213402986526, 2073432.391701610991731 ], [ 4887524.508490151725709, 2073412.283129109069705 ], [ 4887470.121460131369531, 2073381.481916435528547 ], [ 4887446.634362361393869, 2073372.760768059175462 ], [ 4887443.289363827556372, 2073371.518695873441175 ], [ 4887422.104058899916708, 2073358.254903313238174 ], [ 4887404.586950982920825, 2073355.838745433604345 ], [ 4887390.994965689256787, 2073353.963961426634341 ], [ 4887375.072214756160975, 2073351.767859199782833 ], [ 4887363.027483307756484, 2073340.205697195837274 ], [ 4887353.142333924770355, 2073327.519181796815246 ], [ 4887348.121090974658728, 2073310.026950758416206 ], [ 4887340.181887902319431, 2073293.472189027117565 ], [ 4887329.07791284378618, 2073277.710926120402291 ], [ 4887316.794001325033605, 2073267.078838413115591 ], [ 4887304.113321159034967, 2073255.658499099779874 ], [ 4887283.513218324631453, 2073241.488585177809 ], [ 4887264.432231843471527, 2073228.649463267065585 ], [ 4887245.104938261210918, 2073227.009740804787725 ], [ 4887226.616721482016146, 2073221.856893347809091 ], [ 4887194.104929408058524, 2073223.973128658719361 ], [ 4887152.87593945581466, 2073221.518312776926905 ], [ 4887098.613354975357652, 2073218.287553212372586 ], [ 4887087.454725143499672, 2073215.240648982813582 ], [ 4887075.846265588887036, 2073217.196884992066771 ], [ 4887065.285137433558702, 2073222.407365835504606 ], [ 4887055.203588330186903, 2073227.318555316189304 ], [ 4887044.999501759186387, 2073237.97405034978874 ], [ 4887028.626967292279005, 2073247.66961690899916 ], [ 4887014.901408519595861, 2073255.361005683429539 ], [ 4886989.374450985342264, 2073264.233141920296475 ], [ 4886963.505220618098974, 2073269.897766085108742 ], [ 4886933.177887385711074, 2073279.80251771141775 ], [ 4886915.447360989637673, 2073287.483366950415075 ], [ 4886896.857352301478386, 2073302.800433862255886 ], [ 4886877.81190880574286, 2073307.821765720145777 ], [ 4886860.007904736325145, 2073311.463235581293702 ], [ 4886838.242119253613055, 2073312.15218394016847 ], [ 4886819.443000247702003, 2073311.850642719073221 ], [ 4886798.33435928914696, 2073310.895133618963882 ], [ 4886784.816300082951784, 2073313.544324273709208 ], [ 4886771.633100799284875, 2073319.47984502511099 ], [ 4886759.939176379702985, 2073322.132917233044282 ], [ 4886742.661815801635385, 2073325.050580136012286 ], [ 4886715.890555237419903, 2073331.005919625982642 ], [ 4886697.902809414081275, 2073331.655393553664908 ], [ 4886681.808200971223414, 2073331.415828998666257 ], [ 4886667.825379831716418, 2073331.962031016126275 ], [ 4886650.111925143748522, 2073334.27209642296657 ], [ 4886623.073254053480923, 2073337.72975976485759 ], [ 4886586.666147309355438, 2073339.754775492940098 ], [ 4886566.479684066027403, 2073337.943410766776651 ], [ 4886536.467886391095817, 2073339.699243998620659 ], [ 4886499.265285148285329, 2073338.964451894862577 ], [ 4886478.550854479894042, 2073336.890860376413912 ], [ 4886397.777889795601368, 2073341.538103755796328 ], [ 4886361.822931215167046, 2073351.786130221793428 ], [ 4886352.465461798012257, 2073355.307358623715118 ], [ 4886334.519400639459491, 2073354.586853100685403 ], [ 4886323.699374251998961, 2073352.761924617458135 ], [ 4886322.244048486463726, 2073349.87152817286551 ], [ 4886322.885786328464746, 2073337.643109173513949 ], [ 4886321.938255419954658, 2073321.078231663443148 ], [ 4886323.066205505281687, 2073306.6331396617461 ], [ 4886328.839097438380122, 2073294.825044189812616 ], [ 4886334.166191097348928, 2073290.375196464592591 ], [ 4886352.197715433314443, 2073279.935964089119807 ], [ 4886361.842084430158138, 2073271.559906132984906 ], [ 4886367.216169779188931, 2073265.87227053171955 ], [ 4886368.472803908400238, 2073259.086176312528551 ], [ 4886366.236754625104368, 2073245.520783525891602 ], [ 4886362.472791539505124, 2073224.593494585482404 ], [ 4886358.304645865224302, 2073222.109965026145801 ], [ 4886349.707463371567428, 2073218.06947806593962 ], [ 4886334.450285253114998, 2073205.842080683447421 ], [ 4886319.593751709908247, 2073195.541082063689828 ], [ 4886313.907992066815495, 2073184.853991456329823 ], [ 4886309.668954318389297, 2073170.150817379355431 ], [ 4886308.630506915040314, 2073148.100418387912214 ], [ 4886301.169285850599408, 2073133.753798004006967 ], [ 4886293.759823801927269, 2073120.307435308583081 ], [ 4886285.927643172442913, 2073103.562493376201019 ], [ 4886278.409693636000156, 2073091.842138622887433 ], [ 4886266.034226373769343, 2073081.144115629605949 ], [ 4886256.744547117501497, 2073067.112571340752766 ], [ 4886252.441371058113873, 2073056.271848904900253 ], [ 4886242.510582278482616, 2073030.976743583101779 ], [ 4886245.78083124384284, 2073011.90773667418398 ], [ 4886249.694354690611362, 2072981.661930193658918 ], [ 4886255.923749605193734, 2072956.343202864518389 ], [ 4886262.168560956604779, 2072941.542888632277027 ], [ 4886263.132630044594407, 2072924.12064783857204 ], [ 4886270.341519242152572, 2072891.898095052689314 ], [ 4886273.914308275096118, 2072854.09273475036025 ], [ 4886277.824518453329802, 2072821.546212228247896 ], [ 4886283.382466384209692, 2072788.011205984745175 ], [ 4886286.309601831249893, 2072759.739131855778396 ], [ 4886288.240274298936129, 2072726.538060799241066 ], [ 4886287.361068164929748, 2072698.077574183698744 ], [ 4886292.88760537840426, 2072679.228750033304095 ], [ 4886293.132669500075281, 2072666.343480016803369 ], [ 4886290.869034099392593, 2072651.884201841428876 ], [ 4886285.30881214234978, 2072638.481447615893558 ], [ 4886274.47195025254041, 2072625.2178710331209 ], [ 4886264.287517452612519, 2072616.068774885730818 ], [ 4886252.008500946685672, 2072608.986627290956676 ], [ 4886239.903064290061593, 2072603.311254389816895 ], [ 4886222.954882921651006, 2072596.86724822036922 ], [ 4886209.497578038834035, 2072595.940180772449821 ], [ 4886192.237867365591228, 2072592.967562275240198 ], [ 4886182.0946299508214, 2072584.9357904586941 ], [ 4886178.450217581354082, 2072582.574498970527202 ], [ 4886170.523324494250119, 2072574.697424369864166 ], [ 4886162.441063941456378, 2072568.713629497680813 ], [ 4886152.417896300554276, 2072561.5889807716012 ], [ 4886137.370381000451744, 2072555.773242142982781 ], [ 4886121.221240512095392, 2072554.534596070181578 ], [ 4886113.301567112095654, 2072551.548400397412479 ], [ 4886107.595248304307461, 2072546.508010192774236 ], [ 4886105.214017548598349, 2072541.935988776385784 ], [ 4886099.023027263581753, 2072530.269732781918719 ], [ 4886091.875309019349515, 2072513.713762698229402 ], [ 4886082.06094725895673, 2072495.485332710901275 ], [ 4886072.720190833322704, 2072491.21287068258971 ], [ 4886056.21549991518259, 2072485.68206236907281 ], [ 4886051.614127765409648, 2072478.43106094468385 ], [ 4886045.984275243245065, 2072471.234712888719514 ], [ 4886036.898677989840508, 2072457.914565935032442 ], [ 4886036.082159752957523, 2072456.717483817832544 ], [ 4886029.411396178416908, 2072451.168492717901245 ], [ 4886014.879255870357156, 2072445.062039626995102 ], [ 4886006.529374784789979, 2072435.402606131043285 ], [ 4886001.792746906168759, 2072429.923184419749305 ], [ 4885986.970508982427418, 2072418.780064497375861 ], [ 4885965.71074084751308, 2072408.977761872112751 ], [ 4885965.245070595294237, 2072408.702604721765965 ], [ 4885951.916532792150974, 2072400.825898715993389 ], [ 4885941.931529807858169, 2072386.135183852864429 ], [ 4885933.856808236800134, 2072374.47024133335799 ], [ 4885930.656724722124636, 2072362.012241143733263 ], [ 4885927.620157994329929, 2072333.092275687959045 ], [ 4885926.482668737880886, 2072322.259208198869601 ], [ 4885915.85514582041651, 2072302.439506515860558 ], [ 4885914.748174849897623, 2072300.37533636810258 ], [ 4885893.951063178479671, 2072268.190122124506161 ], [ 4885869.190573070198298, 2072223.891711179632694 ], [ 4885871.480994433164597, 2072204.564407022669911 ], [ 4885927.478047367185354, 2072186.689317193347961 ], [ 4885955.409080440178514, 2072161.667723818216473 ], [ 4885963.160929600708187, 2072156.207798950839788 ], [ 4885967.006337191909552, 2072153.499320468865335 ], [ 4885972.003439818508923, 2072142.447792266262695 ], [ 4885973.307969029992819, 2072132.453484969446436 ], [ 4885972.942447405308485, 2072122.825522145722061 ], [ 4885972.100946720689535, 2072100.663759141229093 ], [ 4885971.413363812491298, 2072092.522417617263272 ], [ 4885970.128794310614467, 2072077.308465384878218 ], [ 4885970.911923171021044, 2072030.12718090065755 ], [ 4885968.513829368166625, 2071963.554736419348046 ], [ 4885966.046792632900178, 2071930.897896738024428 ], [ 4885968.168394969776273, 2071900.454213692108169 ], [ 4885971.584581557661295, 2071854.694913089042529 ], [ 4885977.399136360734701, 2071825.340469921473414 ], [ 4885975.476045039482415, 2071809.250320992898196 ], [ 4885974.670317431911826, 2071799.469499379396439 ], [ 4885972.125671488232911, 2071791.426783565897495 ], [ 4885969.07582722697407, 2071782.846282580168918 ], [ 4885968.269207675941288, 2071770.547468407312408 ], [ 4885967.161283983848989, 2071753.655480764806271 ], [ 4885965.770652502775192, 2071732.45275876391679 ], [ 4885964.011584221385419, 2071705.63318678131327 ], [ 4885955.11197691783309, 2071694.066236999118701 ], [ 4885943.26952320151031, 2071685.883660134626552 ], [ 4885937.712185547687113, 2071674.453191680368036 ], [ 4885936.11817757319659, 2071666.961315911030397 ], [ 4885938.481297769583762, 2071659.069047186523676 ], [ 4885938.115231118164957, 2071651.805468608858064 ], [ 4885937.666270739398897, 2071642.898490561638027 ], [ 4885933.693645109422505, 2071632.648957550292835 ], [ 4885933.280105145648122, 2071620.42195541667752 ], [ 4885921.385180639103055, 2071605.450762363616377 ], [ 4885918.69046280067414, 2071596.011294417781755 ], [ 4885909.489103895612061, 2071589.690744030056521 ], [ 4885884.143332445062697, 2071578.289076005807146 ], [ 4885838.607146106660366, 2071580.383467996725813 ], [ 4885809.245236317627132, 2071577.150790513725951 ], [ 4885751.418090576305985, 2071544.86081303213723 ], [ 4885687.465995388105512, 2071504.63979481998831 ], [ 4885654.020291859284043, 2071454.371743439696729 ], [ 4885632.644955240190029, 2071402.250173564301804 ], [ 4885634.123623278923333, 2071347.047380929812789 ], [ 4885669.843956410884857, 2071298.945408102124929 ], [ 4885727.133033293299377, 2071254.101735801436007 ], [ 4885777.427457200363278, 2071213.039162101456895 ], [ 4885842.644919756799936, 2071182.019603019114584 ], [ 4885858.171384369954467, 2071174.634879184188321 ], [ 4885942.107648956589401, 2071131.792576100677252 ], [ 4886010.716591346077621, 2071113.012765359133482 ], [ 4886097.093284228816628, 2071097.474045679438859 ], [ 4886186.587860748171806, 2071094.003342853393406 ], [ 4886272.275174556300044, 2071091.155796192586422 ], [ 4886335.779659170657396, 2071081.874367921613157 ], [ 4886418.9788967538625, 2071065.693032839335501 ], [ 4886521.133163734339178, 2071072.425548758823425 ], [ 4886617.558315918780863, 2071083.576956953154877 ], [ 4886693.773614919744432, 2071068.000121783930808 ], [ 4886772.580714240670204, 2071038.47272884263657 ], [ 4886815.237240802496672, 2071003.728509737644345 ], [ 4886865.470716334879398, 2070977.892390346387401 ], [ 4886922.664980758912861, 2070956.532465120777488 ], [ 4886974.837265861220658, 2070923.091718045296147 ], [ 4887040.293324594385922, 2070899.860878987470642 ], [ 4887076.41137274634093, 2070913.95903345500119 ], [ 4887112.559112718328834, 2070922.344532251358032 ], [ 4887165.902181898243725, 2070913.032799886539578 ], [ 4887203.48267777543515, 2070876.361543113365769 ], [ 4887245.52318777050823, 2070837.16990159987472 ], [ 4887297.027724376879632, 2070810.715197854209691 ], [ 4887337.075286227278411, 2070793.730157893616706 ], [ 4887382.894571922719479, 2070760.268581262789667 ], [ 4887423.569630635902286, 2070745.186902676941827 ], [ 4887561.978757545351982, 2070730.484544479753822 ], [ 4887574.653584615327418, 2070735.606904340675101 ], [ 4887611.497048418037593, 2070725.588552715489641 ], [ 4887671.144237794913352, 2070729.627684575039893 ], [ 4887697.736094831489027, 2070745.591125037288293 ], [ 4887747.255391105078161, 2070741.335072604008019 ], [ 4887780.914125770330429, 2070735.754814520478249 ], [ 4887805.732239786535501, 2070716.804610339459032 ], [ 4887822.968741963617504, 2070690.850596792064607 ], [ 4887837.00691242236644, 2070670.598963488359004 ], [ 4887861.189314456656575, 2070654.186016772640869 ], [ 4887884.077417457476258, 2070643.48820430599153 ], [ 4887913.872301755473018, 2070651.844911645632237 ], [ 4887932.247403058223426, 2070658.901301759295166 ], [ 4887953.167572749778628, 2070666.593588154762983 ], [ 4887982.974020515568554, 2070672.42160347267054 ], [ 4888017.247626217082143, 2070670.640920612029731 ], [ 4888042.006723877973855, 2070668.197049860376865 ], [ 4888063.60195891559124, 2070663.838242166675627 ], [ 4888090.259578198194504, 2070662.671059820568189 ], [ 4888083.588357753120363, 2070582.047694002278149 ], [ 4888067.939236799255013, 2070523.595434768358245 ], [ 4888059.898729817941785, 2070469.6262370753102 ], [ 4888042.357809134759009, 2070409.264952416764572 ], [ 4888034.331538423895836, 2070349.575053829699755 ], [ 4888033.857596605084836, 2070307.690209632739425 ], [ 4888033.360612964257598, 2070270.87793374992907 ], [ 4888018.896001983433962, 2070235.282713198103011 ], [ 4887992.418464417569339, 2070188.851054772734642 ], [ 4887977.947987589985132, 2070154.527817659312859 ], [ 4887971.177833360619843, 2070099.292232485255226 ], [ 4887959.906625377945602, 2070059.898751631146297 ], [ 4887959.507842928171158, 2069997.066777889383957 ], [ 4887953.321188496425748, 2069955.15216191788204 ], [ 4887975.083966439589858, 2069905.09887285833247 ], [ 4887994.202995389699936, 2069884.862509086960927 ], [ 4888003.205485690385103, 2069853.802253363654017 ], [ 4887996.990992553532124, 2069818.872483761282638 ], [ 4887979.935708419419825, 2069797.86753250961192 ], [ 4887965.396848446689546, 2069783.84336421568878 ], [ 4887963.557423831894994, 2069766.068183848168701 ], [ 4887967.474547566846013, 2069736.8893113497179 ], [ 4887976.389377457089722, 2069728.672551843104884 ], [ 4887996.103317949920893, 2069719.228565036086366 ], [ 4888020.233921112492681, 2069714.24136897851713 ], [ 4888040.524508097209036, 2069718.766074041370302 ], [ 4888070.375922719947994, 2069713.800923755392432 ], [ 4888079.972411605529487, 2069692.893089432502165 ], [ 4888088.298941906541586, 2069673.251632957486436 ], [ 4888078.89191597700119, 2069642.752230942482129 ], [ 4888067.588594124652445, 2069612.24790038052015 ], [ 4888048.616419552825391, 2069593.134719151537865 ], [ 4888064.107139053754508, 2069525.282342016464099 ], [ 4888087.667720982804894, 2069505.702000935561955 ], [ 4888102.982716455124319, 2069483.544022696558386 ], [ 4888109.386779509484768, 2069467.066676145186648 ], [ 4888099.305965642444789, 2069449.258014142746106 ], [ 4888082.875971785746515, 2069428.892107447376475 ], [ 4888069.553869699127972, 2069428.843413646100089 ], [ 4888060.691393298096955, 2069421.194002468604594 ], [ 4888051.203487630002201, 2069412.905626491410658 ], [ 4888046.822910766117275, 2069397.023124585626647 ], [ 4888041.933968932367861, 2069346.864914463832974 ], [ 4888041.344646380282938, 2069334.808193273376673 ], [ 4888036.305236008018255, 2069326.53614667034708 ], [ 4888076.467205584980547, 2069279.090911706443876 ], [ 4888134.932592628523707, 2069257.09697114629671 ], [ 4888195.909828563220799, 2069244.003879885189235 ], [ 4888247.966519336216152, 2069240.391904016956687 ], [ 4888281.068261292763054, 2069213.865917841438204 ], [ 4888317.312975215725601, 2069195.59182354179211 ], [ 4888355.401996369473636, 2069193.204183202702552 ], [ 4888388.994748878292739, 2069204.754732600878924 ], [ 4888434.667332231998444, 2069210.635144782019779 ], [ 4888485.985756233334541, 2069233.043888431508094 ], [ 4888518.268382699228823, 2069254.742057082941756 ], [ 4888525.74797910451889, 2069290.309553296305239 ], [ 4888565.69940571859479, 2069300.616764799226075 ], [ 4888626.510296513326466, 2069329.40946849132888 ], [ 4888714.581776202656329, 2069367.819608917227015 ], [ 4888842.756025746464729, 2069375.29083290649578 ], [ 4888950.690768859349191, 2069361.731236898573115 ], [ 4889035.74592153634876, 2069359.517054883996025 ], [ 4889072.563812343403697, 2069357.756031813565642 ], [ 4889114.442866267636418, 2069358.546536655398086 ], [ 4889193.183485823683441, 2069346.150300889741629 ], [ 4889250.238587025552988, 2069364.140178709290922 ], [ 4889286.268466976471245, 2069401.081715769134462 ], [ 4889305.807987606152892, 2069437.971962274052203 ], [ 4889345.653225461952388, 2069474.290841129375622 ], [ 4889391.907051818445325, 2069492.235749938990921 ], [ 4889436.264566232450306, 2069510.175940683111548 ], [ 4889474.926400557160378, 2069524.285809605382383 ], [ 4889510.417600003071129, 2069537.113036611583084 ], [ 4889538.920339614152908, 2069552.456558151403442 ], [ 4889585.862702595070004, 2069557.070787440286949 ], [ 4889634.062113856896758, 2069566.77899969718419 ], [ 4889688.616779112257063, 2069573.33178572403267 ], [ 4889724.75746241863817, 2069582.349356001708657 ], [ 4889757.122956928797066, 2069583.108417020412162 ], [ 4889800.209191273897886, 2069601.675055515021086 ], [ 4889836.927703680470586, 2069625.2935185872484 ], [ 4889866.597457168623805, 2069667.294769276166335 ], [ 4889899.501741321757436, 2069692.175858836388215 ], [ 4889952.136914606206119, 2069703.796814122237265 ], [ 4889997.24559831712395, 2069689.371345522347838 ], [ 4890055.625819366425276, 2069692.132840356556699 ], [ 4890126.705595850013196, 2069691.127603460801765 ], [ 4890203.532336287200451, 2069682.535217680735514 ], [ 4890272.735140728764236, 2069674.548193037277088 ], [ 4890345.077439896762371, 2069677.357294010696933 ], [ 4890403.506234376691282, 2069666.788978924043477 ], [ 4890454.241905379109085, 2069676.500866080168635 ], [ 4890504.228783707134426, 2069715.409680090611801 ], [ 4890547.913858395069838, 2069742.224164348561317 ], [ 4890568.215914663858712, 2069744.204768370371312 ], [ 4890607.189530470408499, 2069676.447456629946828 ], [ 4890617.588808957487345, 2069611.756743440404534 ], [ 4890614.004414608702064, 2069552.72333281673491 ], [ 4890594.001670267432928, 2069470.772284667706117 ], [ 4890570.122130593284965, 2069409.126230546506122 ], [ 4890523.451404113322496, 2069331.518585363868624 ], [ 4890476.676957746036351, 2069281.210382508579642 ], [ 4890417.88959973398596, 2069220.05791564937681 ], [ 4890355.904116433113813, 2069164.607910834485665 ], [ 4890295.168777865357697, 2069114.876394669292495 ], [ 4890235.103498831391335, 2069054.990461299661547 ], [ 4890173.157273964956403, 2068990.026937388582155 ], [ 4890115.001083446666598, 2068928.241277024149895 ], [ 4890065.100891672074795, 2068865.856987128267065 ], [ 4890015.419126939028502, 2068745.728662851965055 ], [ 4889998.50711112562567, 2068687.910820864373818 ], [ 4889990.9873764552176, 2068661.224490401335061 ], [ 4890019.825079361908138, 2068589.620620854431763 ], [ 4890042.297592526301742, 2068519.892046004766598 ], [ 4890064.848308965563774, 2068431.128861811477691 ], [ 4890097.519233975559473, 2068350.653084844117984 ], [ 4889999.20302337128669, 2068168.770152255427092 ], [ 4889959.903339424170554, 2068155.933426322415471 ], [ 4889920.082320384681225, 2068115.16600655624643 ], [ 4889887.220228355377913, 2068077.594999018125236 ], [ 4889845.492944091558456, 2068035.550667725969106 ], [ 4889799.951342040672898, 2067994.761317120632157 ], [ 4889752.479867196641862, 2067962.216384048108011 ], [ 4889736.725576182827353, 2067946.694301971467212 ], [ 4889736.722361633554101, 2067946.695190535159782 ], [ 4889728.809056476689875, 2067952.07016374822706 ], [ 4889724.9934022128582, 2067952.575880718650296 ], [ 4889720.553632544353604, 2067953.059151991503313 ], [ 4889715.481763610616326, 2067953.520099333953112 ], [ 4889707.271157646551728, 2067953.252309430157766 ], [ 4889701.552314971573651, 2067954.315113487420604 ], [ 4889696.487103373743594, 2067954.143936936277896 ], [ 4889689.621494691818953, 2067955.559654439333826 ], [ 4889685.970763057470322, 2067956.64277754467912 ], [ 4889681.173676013946533, 2067958.055163933662698 ], [ 4889677.358132585883141, 2067958.560772677417845 ], [ 4889670.962262226268649, 2067960.857703624758869 ], [ 4889667.110007162205875, 2067962.627706528408453 ], [ 4889663.926463585346937, 2067963.163707129657269 ], [ 4889660.721027434803545, 2067964.300580118549988 ], [ 4889656.868550894781947, 2067966.070583912543952 ], [ 4889653.640511633828282, 2067967.855186634231359 ], [ 4889650.450289147906005, 2067969.00751022179611 ], [ 4889643.459275769069791, 2067970.033418443286791 ], [ 4889640.22325287386775, 2067971.818032974610105 ], [ 4889636.415804699994624, 2067972.323522069258615 ], [ 4889633.232450501993299, 2067972.836095696315169 ], [ 4889630.004433655180037, 2067974.636281416518614 ], [ 4889626.806438404135406, 2067975.780770760960877 ], [ 4889622.321963535621762, 2067977.520606755744666 ], [ 4889619.093703497201204, 2067979.305211474420503 ], [ 4889615.895941416732967, 2067980.457657719962299 ], [ 4889609.447516487911344, 2067984.026635623304173 ], [ 4889604.955158677883446, 2067985.758969152113423 ], [ 4889601.734794153831899, 2067987.559145582607016 ], [ 4889598.536899704486132, 2067988.695900451624766 ], [ 4889595.301121844910085, 2067990.496098755858839 ], [ 4889591.479012427851558, 2067991.618365959729999 ], [ 4889586.354355590417981, 2067993.3436282298062 ], [ 4889581.861676416359842, 2067995.083478413289413 ], [ 4889575.525388425216079, 2067995.499458189355209 ], [ 4889570.45341036003083, 2067995.960526285693049 ], [ 4889564.109148968011141, 2067996.384143329458311 ], [ 4889553.875571789219975, 2067999.826803985983133 ], [ 4889550.000785132870078, 2068002.21337935118936 ], [ 4889546.817121113650501, 2068002.74153917026706 ], [ 4889543.619360322132707, 2068003.893878274131566 ], [ 4889539.781738162972033, 2068005.023905673762783 ], [ 4889536.561464359052479, 2068006.80839274590835 ], [ 4889533.400424368679523, 2068006.704294850118458 ], [ 4889528.938254755921662, 2068007.819946335628629 ], [ 4889516.926858697086573, 2068007.425657321931794 ], [ 4889512.494731109589338, 2068007.900973837124184 ], [ 4889500.49897023756057, 2068007.506996958283707 ], [ 4889497.405146285891533, 2068005.513972457265481 ], [ 4889494.252200745046139, 2068005.409864776302129 ], [ 4889488.547912087291479, 2068005.856131001142785 ], [ 4889480.961964886635542, 2068005.603183681843802 ], [ 4889477.131783434189856, 2068006.740939611336216 ], [ 4889466.400319654494524, 2068006.383765914710239 ], [ 4889462.554713750258088, 2068007.513698008609936 ], [ 4889459.409297551959753, 2068007.401845495449379 ], [ 4889454.969540402293205, 2068007.892978905467317 ], [ 4889451.763796212151647, 2068009.045222735730931 ], [ 4889445.412979666143656, 2068010.093570998404175 ], [ 4889434.67330947611481, 2068009.736413177335635 ], [ 4889431.498072629794478, 2068010.264234545174986 ], [ 4889428.276815364137292, 2068011.424457856919616 ], [ 4889425.101124493405223, 2068011.944765470223501 ], [ 4889418.16280020121485, 2068011.714124302845448 ], [ 4889414.347369248978794, 2068012.219746530056 ], [ 4889408.033382257446647, 2068012.011659840121865 ], [ 4889401.674803387373686, 2068013.059912169352174 ], [ 4889395.948102235794067, 2068014.130486902548 ], [ 4889390.853600651025772, 2068015.215647756587714 ], [ 4889387.625456081703305, 2068017.000042240368202 ], [ 4889383.832437448203564, 2068016.881474937545136 ], [ 4889377.473637106828392, 2068017.929729675641283 ], [ 4889369.805603331886232, 2068020.189792071934789 ], [ 4889365.321133840829134, 2068021.929754965472966 ], [ 4889360.271467101760209, 2068021.773939843988046 ], [ 4889350.104866056703031, 2068023.312340096803382 ], [ 4889344.958034370094538, 2068025.669767188839614 ], [ 4889341.760275900363922, 2068026.822225820273161 ], [ 4889336.582938075996935, 2068029.803966617910191 ], [ 4889333.392719973810017, 2068030.956194065511227 ], [ 4889330.209378211759031, 2068031.476406019646674 ], [ 4889322.631091971881688, 2068031.231309785041958 ], [ 4889319.455634316429496, 2068031.759357344359159 ], [ 4889315.610141160897911, 2068032.88929716264829 ], [ 4889311.840408943593502, 2068032.770590296713635 ], [ 4889307.97217212151736, 2068034.525053777499124 ], [ 4889302.290394808165729, 2068034.339075510622934 ], [ 4889298.437815369106829, 2068036.109099460532889 ], [ 4889294.600074049085379, 2068037.231404361315072 ], [ 4889285.630805640481412, 2068040.711009075166658 ], [ 4889281.792864681221545, 2068041.848896868061274 ], [ 4889277.322813193313777, 2068042.956507613649592 ], [ 4889272.206035470589995, 2068044.681781450752169 ], [ 4889269.030456224456429, 2068045.201874684775248 ], [ 4889263.251406195573509, 2068047.529251954285428 ], [ 4889256.937307617627084, 2068047.320846499409527 ], [ 4889251.188198119401932, 2068049.015955602517352 ], [ 4889248.027511470019817, 2068048.927450817311183 ], [ 4889244.211948761716485, 2068049.417389671551064 ], [ 4889240.442327365279198, 2068049.298686205875129 ], [ 4889232.788946081884205, 2068050.934251382946968 ], [ 4889228.99568341858685, 2068050.799999750684947 ], [ 4889225.820348126813769, 2068051.33578690723516 ], [ 4889218.807150882668793, 2068052.986147666582838 ], [ 4889215.638236418366432, 2068052.882073847344145 ], [ 4889211.838331133127213, 2068053.387684784596786 ], [ 4889208.647349410690367, 2068053.915537919616327 ], [ 4889201.708802217617631, 2068053.684916748432443 ], [ 4889198.510934754274786, 2068054.837271528784186 ], [ 4889193.408917583525181, 2068055.938259762711823 ], [ 4889190.218801478855312, 2068057.082757842727005 ], [ 4889185.108789282850921, 2068058.175801174482331 ], [ 4889181.86612374894321, 2068060.592674169456586 ], [ 4889178.705182362347841, 2068060.480855000670999 ], [ 4889175.529725315980613, 2068061.008687792113051 ], [ 4889172.324096255004406, 2068062.161165194120258 ], [ 4889167.251786131411791, 2068062.621929574524984 ], [ 4889162.767442958429456, 2068064.369641003431752 ], [ 4889158.341980379074812, 2068064.220698594115674 ], [ 4889155.144124799408019, 2068065.381012066965923 ], [ 4889151.351194535382092, 2068065.246763818664476 ], [ 4889144.360186506062746, 2068066.27249848190695 ], [ 4889139.265688195824623, 2068067.357566551538184 ], [ 4889134.781013235449791, 2068069.105501249199733 ], [ 4889130.341257369145751, 2068069.596433091210201 ], [ 4889127.692747712135315, 2068072.652105871820822 ], [ 4889123.772954276762903, 2068076.303223765688017 ], [ 4889121.764517564326525, 2068079.373358719749376 ], [ 4889115.226621001027524, 2068085.463793778093532 ], [ 4889112.051064997911453, 2068085.999475787160918 ], [ 4889108.190817502327263, 2068087.754049893468618 ], [ 4889103.706021724268794, 2068089.493809205945581 ], [ 4889099.890593493357301, 2068089.999558391049504 ], [ 4889095.413892822340131, 2068091.739306864328682 ], [ 4889089.634515710175037, 2068094.066367652034387 ], [ 4889086.406479368917644, 2068095.843372354982421 ], [ 4889083.877659575082362, 2068095.769347577122971 ], [ 4889078.128898338414729, 2068097.472206087084487 ], [ 4889072.410065068863332, 2068098.53505984088406 ], [ 4889066.043286203406751, 2068099.583353221649304 ], [ 4889062.213222083635628, 2068100.721131438389421 ], [ 4889055.222228068858385, 2068101.754942149855196 ], [ 4888995.227731538936496, 2068099.760372247546911 ], [ 4888992.052165322937071, 2068100.288544713985175 ], [ 4888988.206455148756504, 2068101.4185025554616 ], [ 4888967.383502766489983, 2068100.734226192114875 ], [ 4888959.752634957432747, 2068101.737671346636489 ], [ 4888951.430126790888608, 2068104.615345219150186 ], [ 4888948.276736138388515, 2068104.511260668514296 ], [ 4888945.09351869020611, 2068105.039445898262784 ], [ 4888941.895654791034758, 2068106.191701848991215 ], [ 4888936.770999742671847, 2068107.909054305870086 ], [ 4888933.618052631616592, 2068107.8049697347451 ], [ 4888929.155756845138967, 2068108.904744964791462 ], [ 4888925.317831811495125, 2068110.050498132128268 ], [ 4888922.16466289293021, 2068109.946414345642552 ], [ 4888918.229575976729393, 2068113.597345454385504 ], [ 4888914.392618417739868, 2068115.351565980585292 ], [ 4888911.744128657504916, 2068118.415204897290096 ], [ 4888908.546376733109355, 2068119.567683280911297 ], [ 4888903.986509668640792, 2068123.196066548349336 ], [ 4888900.780785196460783, 2068124.356513260863721 ], [ 4888896.229013766162097, 2068127.984996233135462 ], [ 4888893.023389236070216, 2068129.137486463878304 ], [ 4888889.156373702920973, 2068131.516132419463247 ], [ 4888886.597505453042686, 2068132.074384265579283 ], [ 4888882.098180269822478, 2068134.438780875876546 ], [ 4888878.840011216700077, 2068136.863316088914871 ], [ 4888874.94261565990746, 2068139.874123010551557 ], [ 4888869.781154241412878, 2068142.855877611320466 ], [ 4888865.898405056446791, 2068145.242614394985139 ], [ 4888861.369043863378465, 2068148.246797322295606 ], [ 4888857.553495611064136, 2068148.744713141117245 ], [ 4888853.723334829322994, 2068149.890238499734551 ], [ 4888849.208464963361621, 2068152.239077402977273 ], [ 4888839.607030613347888, 2068155.711784047773108 ], [ 4888837.665717381983995, 2068156.908910573227331 ], [ 4888833.850402137264609, 2068157.414563043275848 ], [ 4888829.387999035418034, 2068158.514676519902423 ], [ 4888824.271132655441761, 2068160.247608521953225 ], [ 4888819.778692742809653, 2068161.987397026736289 ], [ 4888814.647392520681024, 2068164.336885596392676 ], [ 4888808.86026306450367, 2068166.664201885461807 ], [ 4888804.428372900001705, 2068167.147296411218122 ], [ 4888799.891241740435362, 2068170.143869421212003 ], [ 4888796.648356907069683, 2068172.552805473795161 ], [ 4888792.155929073691368, 2068174.300442030653358 ], [ 4888788.333510289900005, 2068175.430488732410595 ], [ 4888783.223505993373692, 2068176.523560980567709 ], [ 4888779.348633172921836, 2068178.910070852609351 ], [ 4888775.488516150042415, 2068180.67228889092803 ], [ 4888771.658457325771451, 2068181.810082986019552 ], [ 4888765.93177854269743, 2068182.888554168399423 ], [ 4888762.093713910318911, 2068184.010778147960082 ], [ 4888756.419932619668543, 2068183.832786673214287 ], [ 4888753.214189077727497, 2068184.977216476108879 ], [ 4888750.053359315730631, 2068184.865525774657726 ], [ 4888746.186150001361966, 2068187.2598730053287 ], [ 4888742.950370961800218, 2068189.044419908896089 ], [ 4888739.075510528869927, 2068191.438667858950794 ], [ 4888735.847383269108832, 2068193.223314850125462 ], [ 4888731.987045898102224, 2068194.985646207351238 ], [ 4888726.290846971794963, 2068195.423892797902226 ], [ 4888723.062609180808067, 2068197.208540574647486 ], [ 4888719.232418705709279, 2068198.330866340780631 ], [ 4888715.416993983089924, 2068198.836414781864733 ], [ 4888707.206620259210467, 2068198.576690045185387 ], [ 4888702.819189437665045, 2068197.795713867992163 ], [ 4888685.125891710631549, 2068197.207778218202293 ], [ 4888682.017524914816022, 2068195.847141892416403 ], [ 4888661.179163053631783, 2068195.162751840194687 ], [ 4888656.77631747443229, 2068194.381799826631323 ], [ 4888651.116612737998366, 2068193.571346916258335 ], [ 4888632.814720186404884, 2068192.961184731684625 ], [ 4888629.660670377314091, 2068192.232621939387172 ], [ 4888625.250842697918415, 2068192.083688689395785 ], [ 4888622.112306252121925, 2068191.347368583083153 ], [ 4888618.327159703709185, 2068191.228717994643375 ], [ 4888615.241407006978989, 2068189.235713280271739 ], [ 4888608.941717305220664, 2068188.395334109198302 ], [ 4888596.49280403368175, 2068182.936797790694982 ], [ 4888590.855835228227079, 2068181.502155694877729 ], [ 4888586.460860163904727, 2068180.720975157106295 ], [ 4888583.32222308870405, 2068179.992723793024197 ], [ 4888577.707747277803719, 2068177.917755194474012 ], [ 4888574.621660557575524, 2068175.925083733862266 ], [ 4888567.065763780847192, 2068175.047692017164081 ], [ 4888563.294914930127561, 2068174.29679531021975 ], [ 4888560.164471117779613, 2068173.560134428320453 ], [ 4888554.527256986126304, 2068172.110134082846344 ], [ 4888547.030678742565215, 2068169.343710872344673 ], [ 4888537.035645804367959, 2068165.863937413552776 ], [ 4888532.67051393724978, 2068164.465960398083553 ], [ 4888525.181785226799548, 2068161.684166945284232 ], [ 4888522.095696187578142, 2068159.691497118445113 ], [ 4888516.526026672683656, 2068156.368146478896961 ], [ 4888512.777680203318596, 2068154.98477061255835 ], [ 4888507.840099237859249, 2068151.676109541673213 ], [ 4888504.144302409142256, 2068149.028644850011915 ], [ 4888501.073076143860817, 2068146.411351339658722 ], [ 4888497.354763112030923, 2068144.388190442929044 ], [ 4888493.063823421485722, 2068140.485177096677944 ], [ 4888489.345953406766057, 2068138.462015841389075 ], [ 4888484.4305419633165, 2068134.521095973439515 ], [ 4888480.139579036273062, 2068130.602501179324463 ], [ 4888474.502491721883416, 2068129.167755789123476 ], [ 4888473.35015850327909, 2068125.969894251320511 ], [ 4888470.286592664197087, 2068123.360436934512109 ], [ 4888466.538332646712661, 2068121.961701719323173 ], [ 4888461.586115778423846, 2068119.28496039356105 ], [ 4888459.124583075754344, 2068117.314506432740018 ], [ 4888456.016307234764099, 2068115.945920628961176 ], [ 4888451.613352915272117, 2068115.172714513260871 ], [ 4888445.388727680779994, 2068112.451136843534186 ], [ 4888442.250296035781503, 2068111.714933198643848 ], [ 4888435.936186328530312, 2068111.506815063999966 ], [ 4888432.827909834682941, 2068110.138340540230274 ], [ 4888429.057387536391616, 2068109.387117306236178 ], [ 4888425.918733541853726, 2068108.650804056087509 ], [ 4888417.083882374688983, 2068108.360826035961509 ], [ 4888412.711214914917946, 2068106.970932403812185 ], [ 4888373.554915795102715, 2068105.676412979606539 ], [ 4888369.115135354921222, 2068106.151807200163603 ], [ 4888365.931684007868171, 2068106.672281262697652 ], [ 4888362.124126521870494, 2068107.177945668343455 ], [ 4888358.926266046240926, 2068108.330227097962052 ], [ 4888351.250265104696155, 2068110.590408002957702 ], [ 4888347.46511129848659, 2068110.471658961614594 ], [ 4888343.649680790491402, 2068110.977335467236117 ], [ 4888336.079029363580048, 2068110.732103068847209 ], [ 4888331.6760497642681, 2068109.943100400967523 ], [ 4888327.890784951858222, 2068109.824462950695306 ], [ 4888324.120028131641448, 2068109.065730141010135 ], [ 4888321.011870321817696, 2068107.704884608043358 ], [ 4888316.594282143749297, 2068107.563603616319597 ], [ 4888313.455737094394863, 2068106.827404944226146 ], [ 4888310.347468514926732, 2068105.466891461983323 ], [ 4888305.334912028163671, 2068104.038788113044575 ], [ 4888302.226642977446318, 2068102.67816438828595 ], [ 4888298.500569998286664, 2068100.662979016313329 ], [ 4888295.414803283289075, 2068098.669873799663037 ], [ 4888291.613680352456868, 2068098.551260398002341 ], [ 4888286.616758542135358, 2068097.123356961179525 ], [ 4888283.486196580342948, 2068096.387148037785664 ], [ 4888276.53975913580507, 2068096.156398508232087 ], [ 4888271.452262988314033, 2068096.6249792475719 ], [ 4888264.446744603104889, 2068098.290890580508858 ], [ 4888259.374418258666992, 2068098.743868739809841 ], [ 4888254.95692896284163, 2068098.595076225232333 ], [ 4888251.751417524181306, 2068099.74748359923251 ], [ 4888247.28925540484488, 2068100.862991594942287 ], [ 4888243.451210424304008, 2068102.000823417445645 ], [ 4888238.944242721423507, 2068104.364939787425101 ], [ 4888234.526753443293273, 2068104.216148475883529 ], [ 4888230.034326651133597, 2068105.963708346476778 ], [ 4888226.836467030458152, 2068107.116106051485986 ], [ 4888223.02069222740829, 2068107.614053284749389 ], [ 4888218.55853031296283, 2068108.729342074831948 ], [ 4888211.537477392703295, 2068110.387323846342042 ], [ 4888208.339407400228083, 2068111.547568923328072 ], [ 4888204.479171522893012, 2068113.302081370027736 ], [ 4888201.236629432067275, 2068115.711044821189716 ], [ 4888198.038682052865624, 2068116.879357473226264 ], [ 4888194.156043779104948, 2068119.257953528081998 ], [ 4888190.303359739482403, 2068121.020081327762455 ], [ 4888187.097727803513408, 2068122.164756201440468 ], [ 4888183.885151282884181, 2068123.96487724641338 ], [ 4888178.708280480466783, 2068126.939079129835591 ], [ 4888174.788290644995868, 2068130.582187416031957 ], [ 4888171.537888006307185, 2068132.999009820865467 ], [ 4888167.618364416062832, 2068136.657699889037758 ], [ 4888165.609961760230362, 2068139.727978162933141 ], [ 4888162.366989327594638, 2068142.144790568388999 ], [ 4888157.197660681791604, 2068145.118873121449724 ], [ 4888153.955021196044981, 2068147.535574993817136 ], [ 4888150.681995965540409, 2068150.576702987076715 ], [ 4888146.167271045967937, 2068152.941057920688763 ], [ 4888142.924521127715707, 2068155.357650049729273 ], [ 4888139.651607970707119, 2068158.399110039463267 ], [ 4888136.409069272689521, 2068160.80796651635319 ], [ 4888133.753628365695477, 2068164.503545975312591 ], [ 4888130.547898883931339, 2068165.656070085242391 ], [ 4888125.988504555076361, 2068169.284616590011865 ], [ 4888122.105660258792341, 2068171.671284808311611 ], [ 4888118.86312304250896, 2068174.080473776906729 ], [ 4888114.994929471053183, 2068175.850474453298375 ], [ 4888110.450827606953681, 2068179.470933221513405 ], [ 4888109.164135945960879, 2068180.066418429138139 ], [ 4888105.899075580760837, 2068183.09195574442856 ], [ 4888100.097450556233525, 2068186.059093326795846 ], [ 4888096.854592647403479, 2068188.475909149739891 ], [ 4888092.272688569501042, 2068192.728762646671385 ], [ 4888088.412469511851668, 2068194.491128449793905 ], [ 4888085.720224488526583, 2068199.443374712718651 ], [ 4888083.057124963961542, 2068203.131231870502234 ], [ 4888080.416316227987409, 2068206.194785059429705 ], [ 4888077.121116803027689, 2068209.860442277509719 ], [ 4888073.848219119012356, 2068212.909531281562522 ], [ 4888071.192993618547916, 2068216.597267391858622 ], [ 4888067.340427590534091, 2068218.359734251862392 ], [ 4888064.097882191650569, 2068220.760748545639217 ], [ 4888060.162399796769023, 2068224.419579231645912 ], [ 4888055.632953119464219, 2068227.423595265019685 ], [ 4888052.382657764479518, 2068229.832798961084336 ], [ 4888048.507580513134599, 2068232.219460957916453 ], [ 4888045.302076100371778, 2068233.371878606732935 ], [ 4888040.162908886559308, 2068235.71369907213375 ], [ 4888035.633463460952044, 2068238.717716570245102 ], [ 4888031.118546490557492, 2068241.097662226064131 ], [ 4888027.266203556209803, 2068242.859799669357017 ], [ 4888015.76016597636044, 2068246.257630666252226 ], [ 4888011.899839639663696, 2068248.019890830619261 ], [ 4888008.069787325337529, 2068249.157835620222613 ], [ 4888002.930732700973749, 2068251.499658835120499 ], [ 4887995.917123321443796, 2068253.157874094787985 ], [ 4887991.43257001042366, 2068254.897593232337385 ], [ 4887987.617145186290145, 2068255.403288984438404 ], [ 4887978.714885573834181, 2068256.994012723211199 ], [ 4887974.289649672806263, 2068256.852873939555138 ], [ 4887971.158866134472191, 2068256.1165679206606 ], [ 4887967.410730855539441, 2068254.733437571441755 ], [ 4887960.553879100829363, 2068251.989587160991505 ], [ 4887954.240103293210268, 2068251.781398741994053 ], [ 4887951.064419000409544, 2068252.301659391727298 ], [ 4887946.571993094868958, 2068254.041502971900627 ], [ 4887942.109729959629476, 2068255.157141787465662 ], [ 4887938.294304626062512, 2068255.662618977949023 ], [ 4887934.419219885952771, 2068258.04144140984863 ], [ 4887930.603794655762613, 2068258.546919013839215 ], [ 4887924.17795236594975, 2068261.49186209612526 ], [ 4887921.002390129491687, 2068262.019749125698581 ], [ 4887915.840627695433795, 2068265.001797300297767 ], [ 4887912.010676195845008, 2068266.131790364393964 ], [ 4887908.091036594472826, 2068269.774805244524032 ], [ 4887904.855050968937576, 2068271.559391740942374 ], [ 4887900.288696359843016, 2068275.820194466272369 ], [ 4887896.985412363894284, 2068279.485873238416389 ], [ 4887893.712733791209757, 2068282.526904373895377 ], [ 4887889.160896196961403, 2068286.155789343407378 ], [ 4887885.188608515076339, 2068291.063229326158762 ], [ 4887883.180021043866873, 2068294.14921092055738 ], [ 4887880.547095381654799, 2068297.212651538662612 ], [ 4887876.440556134097278, 2068305.889900937210768 ], [ 4887874.417554036714137, 2068309.600286799250171 ], [ 4887873.673378678038716, 2068312.723150717327371 ], [ 4887870.38574393466115, 2068316.396544735878706 ], [ 4887869.611529289744794, 2068320.151681063231081 ], [ 4887867.602943647652864, 2068323.237884396919981 ], [ 4887865.557542746886611, 2068327.572354394011199 ], [ 4887862.916967867873609, 2068330.63591740373522 ], [ 4887862.172693580389023, 2068333.766627964796498 ], [ 4887861.47318462934345, 2068335.62507990677841 ], [ 4887858.810111235827208, 2068339.320904780644923 ], [ 4887858.743046699091792, 2068341.209842822281644 ], [ 4887856.110223517753184, 2068344.265438470290974 ], [ 4887852.18261803034693, 2068347.91653620544821 ], [ 4887848.330172013491392, 2068349.678684606449679 ], [ 4887843.770588952116668, 2068353.315099287079647 ], [ 4887840.527833309024572, 2068355.716346880653873 ], [ 4887837.25504947733134, 2068358.757492253091186 ], [ 4887832.115894438698888, 2068361.099329488817602 ], [ 4887828.865299306809902, 2068363.523796033347026 ], [ 4887821.062963271513581, 2068369.56146088661626 ], [ 4887817.820120323449373, 2068371.978402320528403 ], [ 4887813.884954616427422, 2068375.61348943784833 ], [ 4887806.112903816625476, 2068381.03457595128566 ], [ 4887802.215573963709176, 2068384.061140035279095 ], [ 4887795.722327373921871, 2068388.879122433252633 ], [ 4887791.839723533950746, 2068391.265811266377568 ], [ 4887787.369817354716361, 2068392.381361424690112 ], [ 4887784.149363454431295, 2068394.165932540083304 ], [ 4887778.987602329812944, 2068397.139815050177276 ], [ 4887778.333226197399199, 2068397.7497685092967 ], [ 4887775.127508792094886, 2068398.902199828065932 ], [ 4887766.135704456828535, 2068403.013821033760905 ], [ 4887762.907599998638034, 2068404.798404106637463 ], [ 4887759.701883305795491, 2068405.951057190774009 ], [ 4887755.871839934028685, 2068407.088906240649521 ], [ 4887752.056299307383597, 2068407.586548259248957 ], [ 4887748.858577807433903, 2068408.74692619475536 ], [ 4887745.065335878171027, 2068408.62810997501947 ], [ 4887741.212994243018329, 2068410.382528932997957 ], [ 4887736.133043771609664, 2068410.843402912374586 ], [ 4887732.935100567527115, 2068412.003671381156892 ], [ 4887728.517720748670399, 2068411.846955048386008 ], [ 4887724.702080832794309, 2068412.352665880694985 ], [ 4887717.03433258831501, 2068414.620532614178956 ], [ 4887713.806007554754615, 2068416.405118371127173 ], [ 4887710.60816459916532, 2068417.557651992421597 ], [ 4887706.12362414598465, 2068419.297390844207257 ], [ 4887702.322719855234027, 2068419.170851955888793 ], [ 4887697.823344395495951, 2068421.550578139489517 ], [ 4887695.264441406354308, 2068422.077598172938451 ], [ 4887692.052107347175479, 2068423.87785470741801 ], [ 4887688.868778141215444, 2068424.398028213297948 ], [ 4887685.670491967350245, 2068425.550453121541068 ], [ 4887682.442611570470035, 2068427.335150297963992 ], [ 4887678.59039371740073, 2068429.097418897319585 ], [ 4887675.384467490017414, 2068430.257590904831886 ], [ 4887670.899806568399072, 2068431.989817563211545 ], [ 4887667.039493900723755, 2068433.751877337694168 ], [ 4887662.599517397582531, 2068434.235273366561159 ], [ 4887658.783988892100751, 2068434.740766544127837 ], [ 4887632.895941901952028, 2068433.893112636636943 ], [ 4887622.886005504988134, 2068431.029569967882708 ], [ 4887619.092862976714969, 2068430.903024125378579 ], [ 4887615.98469864949584, 2068429.542427382897586 ], [ 4887602.724284279160202, 2068429.103253965033218 ], [ 4887599.585760474205017, 2068428.38255638978444 ], [ 4887593.993523974902928, 2068425.66798978485167 ], [ 4887590.832702624611557, 2068425.56386194890365 ], [ 4887585.857941712252796, 2068423.503742781467736 ], [ 4887582.719406210817397, 2068422.77519957232289 ], [ 4887578.934025023132563, 2068422.64864449808374 ], [ 4887575.818097135983407, 2068421.288060178747401 ], [ 4887570.872493992559612, 2068417.979353417875245 ], [ 4887567.132005891762674, 2068416.596231265924871 ], [ 4887562.803966867737472, 2068413.926168590318412 ], [ 4887559.055827027186751, 2068412.543057654285803 ], [ 4887555.962073204107583, 2068410.558058395748958 ], [ 4887552.311015848070383, 2068406.64610953675583 ], [ 4887546.741194481030107, 2068403.322711648419499 ], [ 4887542.4132762812078, 2068400.660716878948733 ], [ 4887539.364403096027672, 2068397.411083139944822 ], [ 4887536.256113429553807, 2068396.042642891174182 ], [ 4887533.794680276885629, 2068394.079950030660257 ], [ 4887530.098850266076624, 2068391.432526122545823 ], [ 4887527.027369218878448, 2068388.815265660872683 ], [ 4887523.376542486250401, 2068384.911274049431086 ], [ 4887520.305060951039195, 2068382.29401374864392 ], [ 4887516.609240756370127, 2068379.65421545971185 ], [ 4887508.689897020347416, 2068371.199522384209558 ], [ 4887505.016583175398409, 2068367.935308314161375 ], [ 4887502.622082789428532, 2068364.076271820813417 ], [ 4887498.971253411844373, 2068360.17205982748419 ], [ 4887495.915405587293208, 2068357.554888323647901 ], [ 4887492.88126278668642, 2068353.673114822013304 ], [ 4887489.230122648179531, 2068349.784927535569295 ], [ 4887485.504351709038019, 2068347.761600188212469 ], [ 4887481.853321646340191, 2068343.87330243550241 ], [ 4887478.834480508230627, 2068339.99161791196093 ], [ 4887475.130994452163577, 2068337.344096048269421 ], [ 4887472.134660010226071, 2068332.838105978677049 ], [ 4887469.085670444183052, 2068329.588473956100643 ], [ 4887466.022269077599049, 2068326.963688698597252 ], [ 4887463.627875983715057, 2068323.104210534598678 ], [ 4887460.066383626312017, 2068316.68686420400627 ], [ 4887458.311964780092239, 2068312.850122546777129 ], [ 4887457.739389524795115, 2068310.946622916962951 ], [ 4887452.958142834715545, 2068303.228208558401093 ], [ 4887451.240853169001639, 2068298.134799482300878 ], [ 4887448.943905748426914, 2068291.770241738762707 ], [ 4887447.159316315315664, 2068288.549970522755757 ], [ 4887446.051620407961309, 2068284.103283249540254 ], [ 4887443.664998959749937, 2068280.251750901574269 ], [ 4887441.925423265434802, 2068275.782757738605142 ], [ 4887439.538790078833699, 2068271.923268682789057 ], [ 4887435.434644517488778, 2068262.970812930958346 ], [ 4887431.255790990777314, 2068255.906645650975406 ], [ 4887428.839010042138398, 2068252.679651122773066 ], [ 4887425.820163354277611, 2068248.797967375488952 ], [ 4887424.035583472810686, 2068245.585542522370815 ], [ 4887423.440500454977155, 2068244.306569663574919 ], [ 4887420.415014524012804, 2068241.057015373604372 ], [ 4887418.66735315695405, 2068236.595769546926022 ], [ 4887415.670913094654679, 2068232.097847593715414 ], [ 4887413.953597932122648, 2068226.988746091490611 ], [ 4887412.801351534202695, 2068223.806141109904274 ], [ 4887410.436879355460405, 2068219.314832325559109 ], [ 4887409.28452218323946, 2068216.1324485281948 ], [ 4887404.458940320648253, 2068209.678448586491868 ], [ 4887398.480534047819674, 2068200.026373175671324 ], [ 4887396.131148643791676, 2068194.918284005019814 ], [ 4887392.569857403635979, 2068188.4932024134323 ], [ 4887390.175346961244941, 2068184.633946080924943 ], [ 4887384.182769833132625, 2068175.621967938961461 ], [ 4887383.03028934635222, 2068172.431848627049476 ], [ 4887379.363821879029274, 2068168.535507632885128 ], [ 4887375.854860825464129, 2068160.861804156098515 ], [ 4887372.880900045856833, 2068155.723552912240848 ], [ 4887368.642744821496308, 2068150.548316485714167 ], [ 4887367.482390687800944, 2068147.358429454965517 ], [ 4887364.463870103470981, 2068143.476635622791946 ], [ 4887359.570893937721848, 2068138.911357167642564 ], [ 4887357.786309069022536, 2068135.698601227253675 ], [ 4887352.238722620531917, 2068131.735323767410591 ], [ 4887347.970074425451458, 2068127.184626206057146 ], [ 4887344.884287752211094, 2068125.199509824626148 ], [ 4887338.652054142206907, 2068122.470175745896995 ], [ 4887334.3319748993963, 2068119.800219660857692 ], [ 4887330.636147579178214, 2068117.168382923584431 ], [ 4887323.944047671742737, 2068110.007130052195862 ], [ 4887320.344750084914267, 2068104.229916501324624 ], [ 4887313.569748665206134, 2068098.965142627712339 ], [ 4887311.168593988753855, 2068095.738016877090558 ], [ 4887310.016331487335265, 2068092.547786962706596 ], [ 4887305.176002023741603, 2068086.726041461108252 ], [ 4887300.877190725877881, 2068082.799551743548363 ], [ 4887298.468384046107531, 2068079.572658117627725 ], [ 4887297.278892726637423, 2068077.646721571916714 ], [ 4887290.50399833265692, 2068072.381948706228286 ], [ 4887286.80050496570766, 2068069.742498954758048 ], [ 4887283.08249961771071, 2068067.734748117160052 ], [ 4887279.386756640858948, 2068065.087330786511302 ], [ 4887275.646245026029646, 2068063.704217764781788 ], [ 4887271.942528416402638, 2068061.064437299966812 ], [ 4887268.19425414595753, 2068059.681335639907047 ], [ 4887261.390090242028236, 2068055.665375159587711 ], [ 4887258.318820530548692, 2068053.056076965527609 ], [ 4887255.188016374595463, 2068052.319796133553609 ], [ 4887244.048161996528506, 2068045.657223840709776 ], [ 4887239.712783390656114, 2068042.995249953819439 ], [ 4887234.782654343172908, 2068039.678466818761081 ], [ 4887229.747575843706727, 2068038.890425154473633 ], [ 4887225.367184698581696, 2068037.477285127621144 ], [ 4887222.258774228394032, 2068036.116588926874101 ], [ 4887212.383565648458898, 2068029.498959425603971 ], [ 4887208.680055791512132, 2068026.851555601460859 ], [ 4887205.563660147599876, 2068025.490650294115767 ], [ 4887202.500127168372273, 2068022.865760577144101 ], [ 4887197.562465689145029, 2068019.55683617061004 ], [ 4887194.468785804696381, 2068017.563778469339013 ], [ 4887190.810052980668843, 2068013.659806449897587 ], [ 4887184.630244197323918, 2068009.681747973663732 ], [ 4887179.804509817622602, 2068003.21979868831113 ], [ 4887176.74098595790565, 2068000.602534818695858 ], [ 4887171.781149244867265, 2067997.918138255830854 ], [ 4887169.394385101273656, 2067994.058874059002846 ], [ 4887164.44109601713717, 2067990.75781961902976 ], [ 4887157.637030588462949, 2067986.741865515476093 ], [ 4887154.528738503344357, 2067985.388906863983721 ], [ 4887150.245449427515268, 2067981.470357137266546 ], [ 4887147.151655764319003, 2067979.477300874423236 ], [ 4887145.917592287063599, 2067978.800198424607515 ], [ 4887140.994435601867735, 2067974.859245870029554 ], [ 4887135.402269426733255, 2067972.15243708435446 ], [ 4887131.676259807310998, 2067970.137188269523904 ], [ 4887127.303646547719836, 2067968.739512827480212 ], [ 4887124.172725802287459, 2067968.003125847550109 ], [ 4887119.792460982687771, 2067966.605572207365185 ], [ 4887116.104468979872763, 2067963.958038727287203 ], [ 4887112.950383119285107, 2067963.229531494202092 ], [ 4887109.247770048677921, 2067961.214250077726319 ], [ 4887104.814620953984559, 2067961.065321072936058 ], [ 4887099.795269761234522, 2067960.269528086064383 ], [ 4887096.069380467757583, 2067958.262126707006246 ], [ 4887092.320963780395687, 2067956.863560391589999 ], [ 4887089.167791721411049, 2067956.774577338714153 ], [ 4887079.827337761409581, 2067952.68478754395619 ], [ 4887076.041927884332836, 2067952.558140938868746 ], [ 4887072.948131365701556, 2067950.565528976731002 ], [ 4887065.385528417304158, 2067950.320181573275477 ], [ 4887062.261574911884964, 2067948.951666304608807 ], [ 4887054.682992201298475, 2067948.698496483732015 ], [ 4887050.288092555478215, 2067947.925130884395912 ], [ 4887046.539696256630123, 2067946.542037900537252 ], [ 4887030.118330989032984, 2067945.998942347243428 ], [ 4887026.355646691285074, 2067945.248101733392105 ], [ 4887023.19457867834717, 2067945.143992544151843 ], [ 4887018.175102417357266, 2067944.340358260087669 ], [ 4887006.171251270920038, 2067943.946214310824871 ], [ 4887001.798621827736497, 2067942.540809283498675 ], [ 4886994.852585655637085, 2067942.3100575665012 ], [ 4886991.714032577350736, 2067941.589378758100793 ], [ 4886987.363662462681532, 2067939.543865205254406 ], [ 4886983.63101052865386, 2067938.160862857708707 ], [ 4886979.830085289664567, 2067938.041978628374636 ], [ 4886974.215515596792102, 2067935.959596431348473 ], [ 4886970.460259015671909, 2067935.20852660597302 ], [ 4886966.071992596611381, 2067933.803145693149418 ], [ 4886961.654486441984773, 2067933.661937676370144 ], [ 4886957.289628654718399, 2067932.264369945973158 ], [ 4886952.864115919917822, 2067932.107591859530658 ], [ 4886948.498352473601699, 2067930.077684143790975 ], [ 4886937.759150308556855, 2067929.728153926553205 ], [ 4886934.636086914688349, 2067928.984137244289741 ], [ 4886930.835149555467069, 2067928.857519525336102 ], [ 4886926.447897502221167, 2067928.084149352740496 ], [ 4886878.456284234300256, 2067926.491689856862649 ], [ 4886874.061390892602503, 2067925.726290159858763 ], [ 4886869.635888153687119, 2067925.577583882026374 ], [ 4886864.631258901208639, 2067924.149662877665833 ], [ 4886855.156031021848321, 2067923.837121943244711 ], [ 4886852.047817588783801, 2067922.468701908364892 ], [ 4886843.837365754880011, 2067922.208721248432994 ], [ 4886840.074221823364496, 2067921.450043268268928 ], [ 4886818.603236824274063, 2067920.751002372708172 ], [ 4886812.653083981946111, 2067918.653418931411579 ], [ 4886790.8854442210868, 2067917.939670603023842 ], [ 4886784.691404829733074, 2067914.578196737915277 ], [ 4886767.005707859061658, 2067913.998177446424961 ], [ 4886759.516991028562188, 2067911.231893514981493 ], [ 4886756.348156316205859, 2067911.127584740053862 ], [ 4886753.239951112307608, 2067909.767014347948134 ], [ 4886748.867201246321201, 2067908.36151157040149 ], [ 4886745.104165500029922, 2067907.602727101184428 ], [ 4886742.620414197444916, 2067906.264468713663518 ], [ 4886739.474866157397628, 2067906.160237677628174 ], [ 4886735.10908221732825, 2067904.122604506788775 ], [ 4886731.955993659794331, 2067904.018495073541999 ], [ 4886727.591016403399408, 2067902.620828434592113 ], [ 4886721.306312344968319, 2067901.148337278747931 ], [ 4886707.429545123130083, 2067900.702441824600101 ], [ 4886703.58348894212395, 2067901.824780653929338 ], [ 4886699.77591385319829, 2067902.330304329749197 ], [ 4886694.673529900610447, 2067903.41543589066714 ], [ 4886690.843464254401624, 2067904.553223957540467 ], [ 4886687.682723853737116, 2067904.449127261526883 ], [ 4886683.830156474374235, 2067906.21133340569213 ], [ 4886680.036977551877499, 2067906.084937311476097 ], [ 4886675.597185825929046, 2067906.568162227980793 ], [ 4886672.428449859842658, 2067906.456120862392709 ], [ 4886667.996431979350746, 2067906.947402354795486 ], [ 4886663.534138577990234, 2067908.055045715766028 ], [ 4886661.584744468331337, 2067909.252132687484846 ], [ 4886655.270914501510561, 2067909.043709827121347 ], [ 4886651.455244756303728, 2067909.549358113436028 ], [ 4886647.045594855211675, 2067909.400420234538615 ], [ 4886642.583313217386603, 2067910.516132143326104 ], [ 4886638.7453633537516, 2067911.645867021754384 ], [ 4886635.547404699027538, 2067912.806289403233677 ], [ 4886631.687175853177905, 2067914.560773687670007 ], [ 4886625.871042802929878, 2067918.152323090471327 ], [ 4886622.597940006293356, 2067921.193525275913998 ], [ 4886619.965027145110071, 2067924.249279953306541 ], [ 4886615.405555422417819, 2067927.877815333427861 ], [ 4886612.148088729940355, 2067930.918885171646252 ], [ 4886607.603245845064521, 2067933.923125129193068 ], [ 4886604.360396826639771, 2067936.332274145679548 ], [ 4886600.530322096310556, 2067937.462331509916112 ], [ 4886597.324479856528342, 2067938.614589332137257 ], [ 4886594.096480754204094, 2067940.39922147593461 ], [ 4886588.347498855553567, 2067942.101939266780391 ], [ 4886585.096999402157962, 2067944.511210782919079 ], [ 4886581.222167322412133, 2067946.905576217221096 ], [ 4886578.6631591450423, 2067947.448212775634602 ], [ 4886575.383537429384887, 2067951.121437824331224 ], [ 4886569.589554836973548, 2067954.072993128793314 ], [ 4886565.737224531359971, 2067955.843052103184164 ], [ 4886561.824368295259774, 2067958.861969525925815 ], [ 4886558.001835545524955, 2067959.992129012942314 ], [ 4886554.78069188632071, 2067961.144521404290572 ], [ 4886550.958392011001706, 2067962.282306193606928 ], [ 4886547.775040802545846, 2067962.802523204591125 ], [ 4886543.275645475834608, 2067965.174691627267748 ], [ 4886540.106921902857721, 2067965.070612809620798 ], [ 4886536.909187288023531, 2067966.230597640154883 ], [ 4886533.740341367200017, 2067966.118562477407977 ], [ 4886527.999235283583403, 2067967.821495081763715 ], [ 4886520.241592080332339, 2067972.610244582640007 ], [ 4886517.653441438451409, 2067974.401807222049683 ], [ 4886513.116144479252398, 2067977.406153675168753 ], [ 4886507.344776179641485, 2067979.733075253199786 ], [ 4886500.896424744278193, 2067983.29471252206713 ], [ 4886497.058268957771361, 2067984.432523125549778 ], [ 4886493.20581878721714, 2067986.194629739038646 ], [ 4886485.537603077478707, 2067988.470571914222091 ], [ 4886477.959442059509456, 2067988.209500471595675 ], [ 4886474.137010404840112, 2067989.331597183831036 ], [ 4886470.901053630746901, 2067991.131828928133473 ], [ 4886466.37183150369674, 2067994.120585064636543 ], [ 4886462.489020578563213, 2067996.515079684788361 ], [ 4886459.82597576174885, 2068000.203006614698097 ], [ 4886456.538599076680839, 2068003.876360040390864 ], [ 4886452.58852213434875, 2068008.151624300749972 ], [ 4886449.376163644716144, 2068009.936241262592375 ], [ 4886447.359741394408047, 2068013.022281306330115 ], [ 4886435.66012629121542, 2068022.0865157188382 ], [ 4886431.777306087315083, 2068024.473055621609092 ], [ 4886428.504447352141142, 2068027.522114500170574 ], [ 4886425.209177670069039, 2068031.179899172158912 ], [ 4886422.553787237964571, 2068034.867817024467513 ], [ 4886418.634208644740283, 2068038.526610779343173 ], [ 4886415.985671467147768, 2068041.58228695509024 ], [ 4886409.545212309807539, 2068045.151547672692686 ], [ 4886406.272122362628579, 2068048.192872456507757 ], [ 4886402.992390437051654, 2068051.858482405543327 ], [ 4886400.953815375454724, 2068055.576456851325929 ], [ 4886393.738628118298948, 2068062.88530352152884 ], [ 4886391.097988344728947, 2068065.956551603972912 ], [ 4886387.148361795581877, 2068070.231930560199544 ], [ 4886385.779573553241789, 2068073.340358820045367 ], [ 4886382.506707486696541, 2068076.381684748921543 ], [ 4886380.475885473191738, 2068080.092023699777201 ], [ 4886377.820498953573406, 2068083.779943932313472 ], [ 4886374.547633489593863, 2068086.821159854065627 ], [ 4886371.906984194181859, 2068089.884673201246187 ], [ 4886369.913976305164397, 2068092.978528981562704 ], [ 4886367.875503861345351, 2068096.688769003376365 ], [ 4886363.970190239138901, 2068099.699731956003234 ], [ 4886361.939148213714361, 2068103.410182561725378 ], [ 4886354.746589971706271, 2068110.102351824985817 ], [ 4886352.73814692068845, 2068113.180427494458854 ], [ 4886349.428292659111321, 2068117.486052320338786 ], [ 4886346.757273558527231, 2068121.17399674654007 ], [ 4886344.764478058554232, 2068124.260007006116211 ], [ 4886343.365875022485852, 2068127.992644584737718 ], [ 4886341.989427478052676, 2068131.093460041563958 ], [ 4886340.568115473724902, 2068135.45825223531574 ], [ 4886337.778784047812223, 2068142.923737478209659 ], [ 4886335.762358782812953, 2068146.001935944892466 ], [ 4886334.371297255158424, 2068149.734563018428162 ], [ 4886332.370630287565291, 2068152.820806244155392 ], [ 4886330.986420877277851, 2068155.921191239496693 ], [ 4886330.309562991373241, 2068157.162981384899467 ], [ 4886326.292460611090064, 2068163.319466939428821 ], [ 4886323.637091190554202, 2068167.015236507635564 ], [ 4886317.099134294316173, 2068173.097664447966963 ], [ 4886313.871038855053484, 2068174.882311850553378 ], [ 4886309.988329133018851, 2068177.261013914132491 ], [ 4886306.798157228156924, 2068178.429067194694653 ], [ 4886303.562177858315408, 2068180.205990721704438 ], [ 4886300.364343428984284, 2068181.366209088824689 ], [ 4886296.48153474368155, 2068183.75275839259848 ], [ 4886293.216660880483687, 2068186.794078388484195 ], [ 4886289.973719329573214, 2068189.202913535060361 ], [ 4886286.068768304772675, 2068192.229463603813201 ], [ 4886282.848436436615884, 2068194.014101429376751 ], [ 4886277.634280933998525, 2068198.244785716990009 ], [ 4886274.450950390659273, 2068198.77297306037508 ], [ 4886269.966077265329659, 2068200.512798149837181 ], [ 4886266.083503000438213, 2068202.906974287237972 ], [ 4886262.818520097993314, 2068205.948296151589602 ], [ 4886261.531713323667645, 2068206.535526520572603 ], [ 4886258.868464363738894, 2068210.2237959287595 ], [ 4886255.625857174396515, 2068212.632521965308115 ], [ 4886251.043587004765868, 2068216.885726219974458 ], [ 4886247.801102817989886, 2068219.302519806893542 ], [ 4886245.882192080840468, 2068219.867454325081781 ], [ 4886241.389691761694849, 2068221.62298499350436 ], [ 4886234.896484836004674, 2068226.433156939223409 ], [ 4886229.057891895994544, 2068230.649163668975234 ], [ 4886225.859937897883356, 2068231.801539668580517 ], [ 4886221.977255826815963, 2068234.196050328901038 ], [ 4886218.779302021488547, 2068235.348426671465859 ], [ 4886214.241807563230395, 2068238.35246515343897 ], [ 4886209.757381157018244, 2068240.092404346913099 ], [ 4886198.861190997995436, 2068244.137121153529733 ], [ 4886194.354167939163744, 2068246.509105539880693 ], [ 4886190.448978761211038, 2068249.520190661773086 ], [ 4886185.33213877491653, 2068251.253307810053229 ], [ 4886181.479595629498363, 2068253.01543435594067 ], [ 4886177.641665737144649, 2068254.145638956455514 ], [ 4886173.78922257386148, 2068255.900030044605955 ], [ 4886170.58351871278137, 2068257.060045129619539 ], [ 4886166.053988950327039, 2068260.048825091682374 ], [ 4886163.480722409673035, 2068261.231356531381607 ], [ 4886159.605583846569061, 2068263.625970653025433 ], [ 4886156.355219217017293, 2068266.034823663998395 ], [ 4886152.427779734134674, 2068269.686022271635011 ], [ 4886147.943023014813662, 2068271.425855667330325 ], [ 4886144.05348265171051, 2068274.444325424032286 ], [ 4886137.544783359393477, 2068279.270443664398044 ], [ 4886134.287348054349422, 2068282.311430294765159 ], [ 4886132.992670300416648, 2068282.898895640159026 ], [ 4886129.110325240530074, 2068285.293190581491217 ], [ 4886124.580698810517788, 2068288.289820076432079 ], [ 4886121.360262637957931, 2068290.074466379359365 ], [ 4886117.500070931389928, 2068291.836607847828418 ], [ 4886114.324483548291028, 2068292.349099021172151 ], [ 4886109.764731931500137, 2068295.985299543244764 ], [ 4886106.566914992406964, 2068297.153373728739098 ], [ 4886102.729087055660784, 2068298.275625770678744 ], [ 4886098.876547700725496, 2068300.037978316424415 ], [ 4886094.361557054333389, 2068302.417717097094283 ], [ 4886090.531491533853114, 2068303.539848114363849 ], [ 4886087.303516027517617, 2068305.324507002951577 ], [ 4886083.495625936426222, 2068305.830287164775655 ], [ 4886078.980946254916489, 2068308.194555032998323 ], [ 4886075.150670635513961, 2068309.324533485574648 ], [ 4886071.922496324405074, 2068311.124775464879349 ], [ 4886068.092431329190731, 2068312.24690773896873 ], [ 4886064.886719685047865, 2068313.399413261795416 ], [ 4886060.967159100808203, 2068317.050385544309393 ], [ 4886057.783821529708803, 2068317.570626259315759 ], [ 4886052.569584704004228, 2068321.809065964072943 ], [ 4886049.304613841697574, 2068324.850289170164615 ], [ 4886045.362459009513259, 2068329.133528038626537 ], [ 4886043.346060888841748, 2068332.219362955773249 ], [ 4886040.103132111020386, 2068334.628543020458892 ], [ 4886037.478227395564318, 2068337.676357219927013 ], [ 4886033.565418888814747, 2068340.703045567497611 ], [ 4886030.352748611941934, 2068342.487685330677778 ], [ 4886027.064381584525108, 2068345.528833142714575 ], [ 4886023.241992730647326, 2068346.666760088177398 ], [ 4886018.70484337490052, 2068349.670923008583486 ], [ 4886015.476526797749102, 2068351.447629352565855 ], [ 4886010.947240248322487, 2068354.444266746519133 ], [ 4886007.741308994591236, 2068355.596775491256267 ], [ 4886004.633099584840238, 2068354.235903905006126 ], [ 4885998.386200995184481, 2068352.138702286174521 ], [ 4885993.470752079039812, 2068348.197581140091643 ], [ 4885990.332296300679445, 2068347.469428731128573 ], [ 4885987.246459350921214, 2068345.476292377570644 ], [ 4885982.940839601680636, 2068342.181884482968599 ], [ 4885977.928000791929662, 2068340.754144207807258 ], [ 4885974.819779057987034, 2068339.385648323222995 ], [ 4885966.133888957090676, 2068334.701486909762025 ], [ 4885963.09248717315495, 2068331.459734548814595 ], [ 4885959.344165517017245, 2068330.061221205629408 ], [ 4885956.333330743946135, 2068326.179345512064174 ], [ 4885952.621937834657729, 2068323.555323293898255 ], [ 4885946.472400061786175, 2068318.929383515613154 ], [ 4885943.35621536616236, 2068317.576592622557655 ], [ 4885939.719791184179485, 2068313.040402231505141 ], [ 4885935.414278300479054, 2068309.745995959499851 ], [ 4885933.629642237909138, 2068306.541327360551804 ], [ 4885929.256888170726597, 2068305.135981992352754 ], [ 4885928.736792979761958, 2068301.975899958284572 ], [ 4885926.372671170160174, 2068297.484506193781272 ], [ 4885922.104041268117726, 2068292.93386914790608 ], [ 4885918.973332560621202, 2068292.197529939934611 ], [ 4885912.726436813361943, 2068290.10806927527301 ], [ 4885909.000618048012257, 2068288.092874083900824 ], [ 4885905.892193234525621, 2068286.73985202354379 ], [ 4885902.143668602220714, 2068285.35681253997609 ], [ 4885898.417727176100016, 2068283.333882150938734 ], [ 4885892.170818849466741, 2068281.236797598889098 ], [ 4885889.040341953746974, 2068280.50808433489874 ], [ 4885885.923909927718341, 2068279.139602959156036 ], [ 4885882.175827955827117, 2068277.756563626695424 ], [ 4885877.810943531803787, 2068276.350877637974918 ], [ 4885873.460348077118397, 2068274.321005305740982 ], [ 4885871.586406693793833, 2068273.621860463172197 ], [ 4885867.236166071146727, 2068271.607569942483678 ], [ 4885862.231070085428655, 2068270.171867577591911 ], [ 4885856.563856487162411, 2068269.353774385759607 ], [ 4885850.941398757509887, 2068267.279107173439115 ], [ 4885844.047771975398064, 2068265.791655769804493 ], [ 4885840.96170618198812, 2068263.798966005910188 ], [ 4885820.122936923988163, 2068263.106815498555079 ], [ 4885814.485978085547686, 2068261.664183823857456 ], [ 4885803.114232900552452, 2068261.292635309975594 ], [ 4885798.719188527204096, 2068260.503648089710623 ], [ 4885795.580626053735614, 2068259.783127665519714 ], [ 4885789.943543904460967, 2068258.332651483593509 ], [ 4885785.548410735093057, 2068257.559247112367302 ], [ 4885782.409947124309838, 2068256.830659711267799 ], [ 4885778.669379046186805, 2068255.431921215495095 ], [ 4885774.906251393258572, 2068254.688987725181505 ], [ 4885770.503255882300436, 2068253.923441766528413 ], [ 4885766.160949246026576, 2068251.877869904506952 ], [ 4885761.758053085766733, 2068251.104588466929272 ], [ 4885759.251682952046394, 2068250.390779417706653 ], [ 4885749.144354636780918, 2068250.055976171046495 ], [ 4885746.036024012602866, 2068248.695223559159786 ], [ 4885742.897547984495759, 2068247.958791307639331 ], [ 4885737.870197061449289, 2068247.162986891111359 ], [ 4885724.610004257410765, 2068246.724229993764311 ], [ 4885720.267496450804174, 2068244.694353160448372 ], [ 4885716.466448260471225, 2068244.567796998424456 ], [ 4885712.703528948128223, 2068243.816798618994653 ], [ 4885708.955218617804348, 2068242.433656277135015 ], [ 4885703.994991888292134, 2068239.749234018381685 ], [ 4885699.599978231824934, 2068238.983790624188259 ], [ 4885695.294437509961426, 2068235.681437592953444 ], [ 4885690.304187442176044, 2068233.629403505008668 ], [ 4885687.173372589051723, 2068232.900808409322053 ], [ 4885681.581138458102942, 2068230.186249132733792 ], [ 4885677.832715606316924, 2068228.802997658029199 ], [ 4885674.769135826267302, 2068226.185672290856019 ], [ 4885671.058036726899445, 2068223.546077743871137 ], [ 4885667.965216488577425, 2068222.177569429622963 ], [ 4885663.606958962976933, 2068220.147717904299498 ], [ 4885659.881028292700648, 2068218.140047246357426 ], [ 4885656.215452623553574, 2068214.852682139258832 ], [ 4885653.046752417460084, 2068214.764222901081666 ], [ 4885649.306068120524287, 2068213.365600269287825 ], [ 4885646.167722299695015, 2068212.644642704632133 ], [ 4885641.229861970990896, 2068209.328178531257436 ], [ 4885633.793622157536447, 2068205.305080577265471 ], [ 4885630.655031875707209, 2068204.568873362848535 ], [ 4885626.951581542380154, 2068201.929379761917517 ], [ 4885619.566939302720129, 2068196.017795506631956 ], [ 4885617.797922431491315, 2068192.812887029256672 ], [ 4885614.063994020223618, 2068190.797714832704514 ], [ 4885610.376066835597157, 2068188.158088740659878 ], [ 4885606.115393979474902, 2068183.607120411703363 ], [ 4885602.478953866288066, 2068179.078786275116727 ], [ 4885597.705922550521791, 2068171.359988268697634 ], [ 4885594.069469934329391, 2068166.823697517393157 ], [ 4885592.917266473174095, 2068163.649169796379283 ], [ 4885590.522544482722878, 2068159.789948535617441 ], [ 4885588.158509778790176, 2068155.298670160584152 ], [ 4885584.507458909414709, 2068151.402259689057246 ], [ 4885581.5483070127666, 2068145.631794620072469 ], [ 4885580.395881272852421, 2068142.457377748098224 ], [ 4885576.722325802780688, 2068139.177762198960409 ], [ 4885574.327934784814715, 2068135.318319608457386 ], [ 4885570.044776185415685, 2068131.399728993652388 ], [ 4885567.627903591841459, 2068128.172663296340033 ], [ 4885563.93241985887289, 2068125.525092568714172 ], [ 4885562.147886786609888, 2068122.328384839463979 ], [ 4885559.039424479939044, 2068120.959791676839814 ], [ 4885557.254978778772056, 2068117.74705976434052 ], [ 4885553.573670105077326, 2068114.47519185161218 ], [ 4885546.881497261114419, 2068107.321789348963648 ], [ 4885544.472396402619779, 2068104.102337996475399 ], [ 4885540.768926788121462, 2068101.454890029272065 ], [ 4885538.98426975030452, 2068098.25011538551189 ], [ 4885535.288451076485217, 2068095.602656482486054 ], [ 4885531.148662650957704, 2068093.361748611554503 ], [ 4885535.926209982484579, 2068113.364395090611652 ], [ 4885547.706188946962357, 2068139.443173467181623 ], [ 4885565.722081347368658, 2068160.712200040696189 ], [ 4885574.504541485570371, 2068186.538055423647165 ], [ 4885580.718984466977417, 2068211.814083903329447 ], [ 4885594.808559886179864, 2068232.769648611079901 ], [ 4885610.576102358289063, 2068253.792293401900679 ], [ 4885625.266441342420876, 2068269.681716160383075 ], [ 4885577.021224236115813, 2068280.248770740581676 ], [ 4885557.254071341827512, 2068295.452814737102017 ], [ 4885531.403055308386683, 2068293.684229338075966 ], [ 4885508.47812620177865, 2068281.928609827999026 ], [ 4885483.010970671661198, 2068285.716200202936307 ], [ 4885458.296620320528746, 2068291.929309064056724 ], [ 4885431.694231860339642, 2068293.541165040573105 ], [ 4885404.0086351018399, 2068277.033102869987488 ], [ 4885380.703552404418588, 2068266.581656282534823 ], [ 4885351.100244756788015, 2068256.210865939501673 ], [ 4885326.037531952373683, 2068244.763297021621838 ], [ 4885303.612185357138515, 2068233.062146161217242 ], [ 4885278.43143033515662, 2068225.860156825510785 ], [ 4885253.881708264350891, 2068213.217898176284507 ], [ 4885227.969229514710605, 2068216.881227863952518 ], [ 4885208.64230118598789, 2068233.964967214502394 ], [ 4885204.508786871097982, 2068259.749588200822473 ], [ 4885188.73661363683641, 2068279.379757383372635 ], [ 4885165.112896044738591, 2068298.718446538550779 ], [ 4885146.909514633007348, 2068315.784770701313391 ], [ 4885145.327770989388227, 2068317.379207778489217 ], [ 4885060.533153518103063, 2068182.563629061449319 ], [ 4885047.754395307973027, 2068156.611220452934504 ], [ 4885028.994224346242845, 2068138.285725639900193 ], [ 4884987.689778318628669, 2068121.690420344471931 ], [ 4884966.005839514546096, 2068105.109968645498157 ], [ 4884923.162982998415828, 2068063.722185807302594 ], [ 4884894.339182036928833, 2068038.295561820268631 ], [ 4884873.138374431990087, 2068016.485360420774668 ], [ 4884854.127187666483223, 2067997.403254892444238 ], [ 4884815.09653128311038, 2067953.512170153437182 ], [ 4884790.894849391654134, 2067924.394158148905262 ], [ 4884768.138289770111442, 2067905.77073537139222 ], [ 4884754.868934451602399, 2067885.368053265847266 ], [ 4884750.333671786822379, 2067860.713412122568116 ], [ 4884736.48987562675029, 2067837.260462251491845 ], [ 4884715.983865666203201, 2067820.498529793927446 ], [ 4884690.175497403368354, 2067806.554754847194999 ], [ 4884651.868222660385072, 2067785.139222423778847 ], [ 4884625.822249270044267, 2067773.818133913679048 ], [ 4884600.019445426762104, 2067768.186152635142207 ], [ 4884573.544172572903335, 2067766.41046067350544 ], [ 4884539.275583501905203, 2067771.460851750569418 ], [ 4884511.948970971629024, 2067778.997450024355203 ], [ 4884485.738254936411977, 2067786.531984952511266 ], [ 4884462.488891631364822, 2067772.084797954885289 ], [ 4884439.675025184638798, 2067761.452937297988683 ], [ 4884415.393358550965786, 2067764.739046518923715 ], [ 4884378.575280747376382, 2067771.541641199495643 ], [ 4884359.431201845407486, 2067771.572649679379538 ], [ 4884352.602434553205967, 2067771.583752420265228 ], [ 4884317.804697842337191, 2067763.328336123144254 ], [ 4884289.163306413218379, 2067768.556699383305386 ], [ 4884264.278684501536191, 2067790.207317736698315 ], [ 4884234.840341080911458, 2067809.290146369952708 ], [ 4884203.90909662283957, 2067832.011889643035829 ], [ 4884176.40955775976181, 2067848.344368 ], [ 4884150.705725959502161, 2067860.318856065394357 ], [ 4884120.509000885300338, 2067873.853627869859338 ], [ 4884067.001994923688471, 2067917.450046867132187 ], [ 4884052.442544269375503, 2067943.641657352214679 ], [ 4884057.758313802070916, 2067987.587489638710395 ], [ 4884051.863203450106084, 2068014.818892840761691 ], [ 4884041.357339890673757, 2068038.178999153431505 ], [ 4884024.659775139763951, 2068059.870860181516036 ], [ 4883991.167922616936266, 2068086.842782074352726 ], [ 4883971.218799021095037, 2068105.410525194136426 ], [ 4883950.26397177670151, 2068119.874691673787311 ], [ 4883874.706882280297577, 2068147.218849935336038 ], [ 4883855.762942097149789, 2068169.726328326156363 ], [ 4883841.378672662191093, 2068198.149751035030931 ], [ 4883823.643886202014983, 2068229.833120023598894 ], [ 4883812.597237867303193, 2068237.476009902078658 ], [ 4883814.442810767330229, 2068254.135570113314316 ], [ 4883809.242430357262492, 2068281.436058490304276 ], [ 4883797.124789444729686, 2068321.593820781446993 ], [ 4883779.676214763894677, 2068342.100859571713954 ], [ 4883763.428597318939865, 2068366.976427949033678 ], [ 4883750.919171907007694, 2068396.411618927260861 ], [ 4883744.957927891984582, 2068416.580046325456351 ], [ 4883740.848094797693193, 2068423.267304982524365 ], [ 4883727.085099538788199, 2068440.154870509169996 ], [ 4883718.565784177742898, 2068466.071468295063823 ], [ 4883700.656008186750114, 2068510.374917851062492 ], [ 4883692.716296107508242, 2068542.35477410024032 ], [ 4883691.235678412020206, 2068553.400497979484499 ], [ 4883687.792256933636963, 2068586.067628556396812 ], [ 4883684.425416830927134, 2068622.535253815352917 ], [ 4883673.977370275184512, 2068647.955639741383493 ], [ 4883667.028068756684661, 2068674.759556327247992 ], [ 4883671.564191520214081, 2068699.975825925823301 ], [ 4883671.105258936062455, 2068724.880639083916321 ], [ 4883666.62983606941998, 2068737.195369410561398 ], [ 4883662.651037660427392, 2068747.745601205155253 ], [ 4883647.953249275684357, 2068770.441193298669532 ], [ 4883632.719679662026465, 2068770.770348024554551 ], [ 4883606.694097779691219, 2068781.926023817621171 ], [ 4883584.060036671347916, 2068795.449055934790522 ], [ 4883556.349954290315509, 2068802.48647901089862 ], [ 4883535.807492840103805, 2068806.390814390033484 ], [ 4883517.206250078044832, 2068809.230600957293063 ], [ 4883467.272521237842739, 2068818.302489392692223 ], [ 4883461.904918160289526, 2068819.442727986024693 ], [ 4883420.148825203999877, 2068827.502317662583664 ], [ 4883391.492841919884086, 2068828.602191034937277 ], [ 4883366.841759267263114, 2068830.45293366862461 ], [ 4883342.124289564788342, 2068834.801017169607803 ], [ 4883321.143369080498815, 2068833.157154553802684 ], [ 4883293.296914604492486, 2068837.877116554416716 ], [ 4883261.721672571264207, 2068843.492894548457116 ], [ 4883235.563770187087357, 2068850.028739178087562 ], [ 4883205.236609631218016, 2068860.067586352583021 ], [ 4883141.320394955575466, 2068870.964854900259525 ], [ 4883105.437070110812783, 2068876.642233922146261 ], [ 4883068.598529930226505, 2068880.518378030508757 ], [ 4882987.519468806684017, 2068895.688989888411015 ], [ 4882962.135097558610141, 2068907.413535505300388 ], [ 4882940.942965807393193, 2068929.542196568567306 ], [ 4882921.236228448338807, 2068943.692572341067716 ], [ 4882898.898669687099755, 2068957.269218124914914 ], [ 4882879.757002818398178, 2068973.408866853453219 ], [ 4882876.334148594178259, 2068975.412120358087122 ], [ 4882840.474132211878896, 2069024.334140159888193 ], [ 4882837.253884306177497, 2069026.11872326489538 ], [ 4882832.129115155898035, 2069027.836184489773586 ], [ 4882826.432592979632318, 2069028.282393289497122 ], [ 4882823.271746001206338, 2069028.178350024623796 ], [ 4882814.993670417927206, 2069029.791647608391941 ], [ 4882807.95789114292711, 2069032.074348051566631 ], [ 4882802.216553451493382, 2069033.777146311942488 ], [ 4882797.746359050273895, 2069034.892451393185183 ], [ 4882793.908258895389736, 2069036.022730222437531 ], [ 4882785.675343358889222, 2069036.387068350799382 ], [ 4882781.822869125753641, 2069038.141540783457458 ], [ 4882778.03756807371974, 2069038.014999855775386 ], [ 4882774.831684250384569, 2069039.167657176498324 ], [ 4882757.145891670137644, 2069038.587481779512018 ], [ 4882752.750842749141157, 2069037.814138693967834 ], [ 4882749.619893691502512, 2069037.085771807935089 ], [ 4882731.926424589939415, 2069036.49003115366213 ], [ 4882725.575106464326382, 2069037.538296726997942 ], [ 4882680.112028162926435, 2069036.035711502889171 ], [ 4882675.753807021304965, 2069034.005906754406169 ], [ 4882654.914786899462342, 2069033.306012575048953 ], [ 4882651.159614700824022, 2069032.562775775091723 ], [ 4882613.891238866373897, 2069031.327619118615985 ], [ 4882609.451385474763811, 2069031.818718361435458 ], [ 4882605.666193317621946, 2069031.692516952985898 ], [ 4882599.931455053389072, 2069032.763081833487377 ], [ 4882596.786229440942407, 2069032.651067482773215 ], [ 4882590.389056950807571, 2069034.331651910208166 ], [ 4882587.235969993285835, 2069034.22760652936995 ], [ 4882582.126850239932537, 2069035.952908412786201 ], [ 4882577.069461898878217, 2069035.78152612852864 ], [ 4882574.518250576220453, 2069036.323963792528957 ], [ 4882571.334945630282164, 2069036.852092917775735 ], [ 4882567.527075520716608, 2069037.357834987808019 ], [ 4882564.329287389293313, 2069038.510268484707922 ], [ 4882560.536011068150401, 2069038.391485658939928 ], [ 4882556.043449530377984, 2069040.123495793202892 ], [ 4882547.848399374634027, 2069039.856005336390808 ], [ 4882542.76057141367346, 2069040.316910054767504 ], [ 4882539.585261971689761, 2069040.852653961861506 ], [ 4882530.644741181284189, 2069043.068156137131155 ], [ 4882527.499416050501168, 2069042.963991118362173 ], [ 4882522.419572161510587, 2069043.424885326530784 ], [ 4882516.038146793842316, 2069045.105231852969155 ], [ 4882511.598282164894044, 2069045.588711618678644 ], [ 4882508.370265276171267, 2069047.365254293428734 ], [ 4882503.297863144427538, 2069047.834206104977056 ], [ 4882500.092313535511494, 2069048.986654099775478 ], [ 4882497.526299321092665, 2069050.161466536577791 ], [ 4882494.97519966494292, 2069050.704127866076306 ], [ 4882487.93932555988431, 2069052.994484924478456 ], [ 4882481.602922072634101, 2069053.410730488132685 ], [ 4882478.382458466105163, 2069055.195330735296011 ], [ 4882473.890032663941383, 2069056.942817689618096 ], [ 4882470.714367993175983, 2069057.463093476369977 ], [ 4882465.589603366330266, 2069059.180470330640674 ], [ 4882459.840629912912846, 2069060.891263962257653 ], [ 4882453.436839548870921, 2069063.188417436089367 ], [ 4882447.687621278688312, 2069064.883519731462002 ], [ 4882441.343467328697443, 2069065.307405699975789 ], [ 4882437.527946470305324, 2069065.813055461272597 ], [ 4882429.822699556127191, 2069069.337621495360509 ], [ 4882425.992574189789593, 2069070.4597300614696 ], [ 4882421.530267590656877, 2069071.583113801898435 ], [ 4882418.354714120738208, 2069072.103281239280477 ], [ 4882413.86205674521625, 2069073.843147156760097 ], [ 4882409.324934897944331, 2069076.847559033194557 ], [ 4882405.509414467029274, 2069077.353210521861911 ], [ 4882400.979833392426372, 2069080.35750123555772 ], [ 4882397.737116630189121, 2069082.75879614148289 ], [ 4882392.604492818936706, 2069084.484036593465135 ], [ 4882390.611739665269852, 2069087.562341795302927 ], [ 4882387.346469916403294, 2069090.603425449226052 ], [ 4882381.544805933721364, 2069093.563091059448197 ], [ 4882378.294117386452854, 2069095.971913761692122 ], [ 4882366.728658059611917, 2069101.258729898370802 ], [ 4882363.500546794384718, 2069103.04334733937867 ], [ 4882359.670435423962772, 2069104.173527094069868 ], [ 4882351.957431944087148, 2069107.698003516998142 ], [ 4882347.442545626312494, 2069110.070147005841136 ], [ 4882344.289458621293306, 2069109.965780426980928 ], [ 4882339.819491541013122, 2069111.081445183372125 ], [ 4882336.599020591005683, 2069112.858095677802339 ], [ 4882332.73869414627552, 2069114.620561859570444 ], [ 4882327.629581774584949, 2069116.345882759662345 ], [ 4882316.041883914731443, 2069122.256913495482877 ], [ 4882310.931705246679485, 2069123.342261588200927 ], [ 4882301.962046077474952, 2069126.829831446055323 ], [ 4882298.124307867139578, 2069127.975497761275619 ], [ 4882294.933931457810104, 2069129.112350691575557 ], [ 4882289.169427855871618, 2069130.815225164173171 ], [ 4882282.74320384953171, 2069133.752293752739206 ], [ 4882278.1465914407745, 2069138.645345864119008 ], [ 4882271.051329335197806, 2069142.816620332654566 ], [ 4882267.860032278113067, 2069143.336928775068372 ], [ 4882263.962687072344124, 2069146.371449040714651 ], [ 4882256.851667998358607, 2069150.534791809041053 ], [ 4882252.277400343678892, 2069154.795904238941148 ], [ 4882248.40259612724185, 2069157.18234866973944 ], [ 4882241.314276963472366, 2069160.729443624382839 ], [ 4882236.784693602472544, 2069163.725789519725367 ], [ 4882234.76938462164253, 2069167.43615327286534 ], [ 4882230.85640645865351, 2069170.470809647580609 ], [ 4882228.847903253510594, 2069173.541077136062086 ], [ 4882220.547499735839665, 2069175.786606419365853 ], [ 4882214.166308801621199, 2069177.467312602326274 ], [ 4882210.335991213098168, 2069178.605016098357737 ], [ 4882205.821210672147572, 2069180.969102127477527 ], [ 4882202.62332003004849, 2069182.121663574362174 ], [ 4882196.264359899796546, 2069183.16998760169372 ], [ 4882175.417384780012071, 2069182.485932915704325 ], [ 4882169.133554390631616, 2069181.645272889873013 ], [ 4882158.461165112443268, 2069179.407342415768653 ], [ 4882151.559708059765399, 2069177.919895817060024 ], [ 4882141.460138802416623, 2069177.585345726460218 ], [ 4882129.523214742541313, 2069175.310079050948843 ], [ 4882123.893916606903076, 2069173.844159668311477 ], [ 4882116.962366541847587, 2069172.996847437927499 ], [ 4882110.09077734965831, 2069170.869714939733967 ], [ 4882106.289961288683116, 2069170.751077078515664 ], [ 4882102.557223986834288, 2069169.36785704921931 ], [ 4882099.418604604899883, 2069168.631570387631655 ], [ 4882095.663526345044374, 2069167.880513798911124 ], [ 4882091.252612265758216, 2069167.107341993134469 ], [ 4882088.1442177798599, 2069165.74650609632954 ], [ 4882083.102242951281369, 2069165.57513410365209 ], [ 4882078.691439192742109, 2069164.801852260483429 ], [ 4882075.605495867319405, 2069162.808963927207515 ], [ 4882068.026915499009192, 2069162.563921137014404 ], [ 4882060.478658871725202, 2069161.686372340423986 ], [ 4882056.6933429595083, 2069161.552131319185719 ], [ 4882052.945079125463963, 2069160.168826075969264 ], [ 4882046.035300110466778, 2069158.681731872726232 ], [ 4882038.516320796683431, 2069156.547617390751839 ], [ 4882031.577927788719535, 2069156.316980489064008 ], [ 4882025.308447265066206, 2069154.844179751817137 ], [ 4882019.084002759307623, 2069152.122745002154261 ], [ 4882011.513170450925827, 2069151.869849403621629 ], [ 4882005.266285712830722, 2069149.788314945530146 ], [ 4881998.356812958605587, 2069148.285420797532424 ], [ 4881995.270889669656754, 2069146.308117195265368 ], [ 4881990.845481759868562, 2069146.151298876851797 ], [ 4881982.709584748372436, 2069143.995016204426065 ], [ 4881966.295952949672937, 2069143.451795749366283 ], [ 4881962.443493486382067, 2069145.206313679460436 ], [ 4881947.79894589446485, 2069147.883646273985505 ], [ 4881939.588009250350296, 2069147.600441719871014 ], [ 4881933.883834643289447, 2069148.04672967013903 ], [ 4881918.726762133650482, 2069147.548382648732513 ], [ 4881912.323107471689582, 2069149.853321076137945 ], [ 4881908.529805028811097, 2069149.71909895259887 ], [ 4881904.714174945838749, 2069150.22477642307058 ], [ 4881900.86151793319732, 2069151.994769772514701 ], [ 4881897.686211550608277, 2069152.530541598564014 ], [ 4881893.825991049408913, 2069154.28507497953251 ], [ 4881889.273855177685618, 2069157.91371824988164 ], [ 4881886.023390602320433, 2069160.31505022267811 ], [ 4881882.825290538370609, 2069161.475361707387492 ], [ 4881880.170127313584089, 2069165.163158696843311 ], [ 4881877.521569056436419, 2069168.22688319766894 ], [ 4881872.337427873164415, 2069171.825421597808599 ], [ 4881869.086888240650296, 2069174.249962224625051 ], [ 4881863.955211033113301, 2069176.599744587903842 ], [ 4881860.072775928303599, 2069178.994179428555071 ], [ 4881856.814229805022478, 2069181.403371517779306 ], [ 4881850.983419085852802, 2069185.619208595715463 ], [ 4881850.239164847880602, 2069188.750142934732139 ], [ 4881847.590596587397158, 2069191.805912042269483 ], [ 4881844.310870960354805, 2069195.471550670452416 ], [ 4881842.889932818710804, 2069199.836375145241618 ], [ 4881840.271367143839598, 2069202.267926334170625 ], [ 4881840.114752578549087, 2069206.677822045283392 ], [ 4881838.240551352500916, 2069205.978328088764101 ], [ 4881802.976321221329272, 2069261.455249112797901 ], [ 4881731.794393818825483, 2069354.435992185724899 ], [ 4881689.625625834800303, 2069392.028440603986382 ], [ 4881644.657607584260404, 2069406.463399615138769 ], [ 4881635.466045506298542, 2069465.452020642813295 ], [ 4881630.846561233513057, 2069480.319230280350894 ], [ 4881618.321842830628157, 2069488.233839450636879 ], [ 4881590.010217896662652, 2069497.102488573873416 ], [ 4881576.132898330688477, 2069530.094618251081556 ], [ 4881538.79917752277106, 2069567.015181927476078 ], [ 4881538.936178411357105, 2069567.786794220097363 ], [ 4881539.161980103701353, 2069569.059778058435768 ], [ 4881787.110270161181688, 2070965.17209371435456 ], [ 4881960.587965834885836, 2071869.8322589318268 ], [ 4882016.704404617659748, 2072172.48336378368549 ], [ 4882027.253447861410677, 2072209.170484525151551 ], [ 4882038.660564118996263, 2072240.736608839826658 ], [ 4882049.884344096295536, 2072274.855069564189762 ], [ 4882063.628209416754544, 2072308.383907973999158 ], [ 4882073.447682667523623, 2072337.985746583901346 ], [ 4882090.689868003129959, 2072377.487145847873762 ], [ 4882121.079420251771808, 2072424.677749152295291 ], [ 4882137.513141161762178, 2072446.971949068130925 ], [ 4882159.269468709826469, 2072469.350524445297197 ], [ 4882176.989639232866466, 2072500.469405364710838 ], [ 4882190.187437796033919, 2072524.649289571912959 ], [ 4882197.059378789737821, 2072541.409842274151742 ], [ 4882199.321499289013445, 2072564.655673353234306 ], [ 4882785.951875259168446, 2075978.42057053395547 ], [ 4883344.926552520133555, 2075874.523846007417887 ], [ 4883587.460406890138984, 2075827.51380004757084 ], [ 4883770.881042037159204, 2075771.278861064463854 ], [ 4883932.498695697635412, 2075696.435380786890164 ], [ 4884330.321183761581779, 2075509.337158031528816 ], [ 4884889.709119128994644, 2075216.322823351249099 ], [ 4884895.679979550652206, 2075213.665476882364601 ], [ 4885437.357778416015208, 2074972.599208097439259 ], [ 4885441.573071337305009, 2074971.055353755364195 ], [ 4885445.860747427679598, 2074970.476598764769733 ], [ 4885449.027005288749933, 2074969.238193861441687 ], [ 4885454.790651887655258, 2074968.460005950881168 ], [ 4885463.253075673244894, 2074967.116231332765892 ], [ 4885465.41660150885582, 2074967.13283121958375 ], [ 4885468.836741849780083, 2074966.021915424615145 ], [ 4885472.728850143961608, 2074964.499535369686782 ], [ 4885480.047118349000812, 2074963.094343245960772 ], [ 4885486.184974730946124, 2074961.779848964419216 ], [ 4885491.076514274813235, 2074961.206286929547787 ], [ 4885495.692604746669531, 2074960.089967284584418 ], [ 4885498.758141121827066, 2074959.501297974726185 ], [ 4885508.069124829955399, 2074957.094930960563943 ], [ 4885516.782814694568515, 2074955.154364006128162 ], [ 4885524.519080457277596, 2074953.809011689387262 ], [ 4885529.423327746801078, 2074953.356553897960111 ], [ 4885533.910115434788167, 2074951.474473265232518 ], [ 4885541.868703369982541, 2074950.812529215589166 ], [ 4885550.014752818271518, 2074948.842299380805343 ], [ 4885551.812923258170485, 2074948.856233814265579 ], [ 4885554.810296383686364, 2074947.758320719469339 ], [ 4885563.359828719869256, 2074944.723497290629894 ], [ 4885570.828828395344317, 2074944.102391310501844 ], [ 4885577.246762161143124, 2074942.404792980756611 ], [ 4885584.624865228310227, 2074941.121638582320884 ], [ 4885590.076433413662016, 2074940.074935524258763 ], [ 4885592.914730197750032, 2074939.152970624621958 ], [ 4885598.710886720567942, 2074937.029935211176053 ], [ 4885601.737737406045198, 2074936.448620896786451 ], [ 4885604.90399784129113, 2074935.210223192814738 ], [ 4885608.427897171117365, 2074934.533692058408633 ], [ 4885614.560769290663302, 2074932.541782365413383 ], [ 4885620.095084898173809, 2074931.893021555850282 ], [ 4885631.039876745082438, 2074929.245898929424584 ], [ 4885635.937891332432628, 2074927.191155254840851 ], [ 4885639.361971815116704, 2074926.64749619551003 ], [ 4885645.537120724096894, 2074923.618931947275996 ], [ 4885649.55374110583216, 2074920.654318297514692 ], [ 4885651.585606766864657, 2074919.054116782499477 ], [ 4885655.126313431188464, 2074914.870931930374354 ], [ 4885663.221342286095023, 2074909.563572687096894 ], [ 4885664.329655193723738, 2074908.472415797412395 ], [ 4885666.644765662960708, 2074904.492492661112919 ], [ 4885671.56035176012665, 2074898.845780119067058 ], [ 4885674.623657597228885, 2074895.829190567368641 ], [ 4885675.219427821226418, 2074894.853054749313742 ], [ 4885676.324158312752843, 2074892.15175505890511 ], [ 4885679.083902286365628, 2074886.737076046410948 ], [ 4885681.30050491169095, 2074884.009279714897275 ], [ 4885682.083727691322565, 2074882.094628745224327 ], [ 4885683.839455689303577, 2074878.649296562420204 ], [ 4885684.18833982385695, 2074877.62810306949541 ], [ 4885684.216960565187037, 2074873.934997586999089 ], [ 4885686.569277934730053, 2074868.560037986142561 ], [ 4885686.946209906600416, 2074866.401974608190358 ], [ 4885687.685789190232754, 2074861.494191848207265 ], [ 4885688.763962902128696, 2074857.318048998247832 ], [ 4885688.783015239052474, 2074854.81140591064468 ], [ 4885689.448363784700632, 2074850.397164675639942 ], [ 4885689.538510176353157, 2074838.684723527403548 ], [ 4885690.352838529273868, 2074834.76933235116303 ], [ 4885691.125565329566598, 2074828.950115250656381 ], [ 4885692.417215059511364, 2074825.172052288427949 ], [ 4885692.82211272791028, 2074822.122896193992347 ], [ 4885692.85007182508707, 2074818.507149674231187 ], [ 4885694.161080304533243, 2074812.203987970948219 ], [ 4885694.186300721019506, 2074808.913148424588144 ], [ 4885695.837110105901957, 2074801.745290697785094 ], [ 4885697.391584648750722, 2074795.724791179643944 ], [ 4885698.088961932808161, 2074794.019464348675683 ], [ 4885698.106449789367616, 2074791.730751755880192 ], [ 4885699.667428720742464, 2074785.684272712562233 ], [ 4885700.410626711323857, 2074781.427396168699488 ], [ 4885701.654802343808115, 2074777.787652836414054 ], [ 4885702.35507474001497, 2074773.14261349895969 ], [ 4885704.412806109525263, 2074767.78024390572682 ], [ 4885705.327333961613476, 2074763.384756186511368 ], [ 4885710.135229871608317, 2074755.822053254581988 ], [ 4885712.612934939563274, 2074752.773172497982159 ], [ 4885714.894369578920305, 2074749.03598450915888 ], [ 4885724.06460486445576, 2074740.005595215130597 ], [ 4885730.590581932105124, 2074737.267945349216461 ], [ 4885738.033917154185474, 2074733.953298152191564 ], [ 4885744.133669519796968, 2074731.972060643369332 ], [ 4885749.198423605412245, 2074730.116776821902022 ], [ 4885755.143238913267851, 2074728.185939553659409 ], [ 4885760.218088659457862, 2074728.224913859274238 ], [ 4885765.909476507455111, 2074727.006030516233295 ], [ 4885770.30428643990308, 2074727.03970331675373 ], [ 4885773.245440624654293, 2074726.084332584636286 ], [ 4885779.664833883754909, 2074725.21768734883517 ], [ 4885781.058732059784234, 2074725.228352912934497 ], [ 4885786.759911951608956, 2074722.74686675472185 ], [ 4885791.874568019993603, 2074722.786005870439112 ], [ 4885797.561004900373518, 2074722.198482586070895 ], [ 4885805.854649057611823, 2074722.262027998222038 ], [ 4885807.99925616197288, 2074721.850104328244925 ], [ 4885819.37752483971417, 2074720.043702472466975 ], [ 4885826.716544356197119, 2074718.634209132287651 ], [ 4885830.345935302786529, 2074718.662044720025733 ], [ 4885834.143458355218172, 2074717.428480850998312 ], [ 4885840.615088747814298, 2074717.478233396541327 ], [ 4885841.798630141653121, 2074717.251056723296642 ], [ 4885845.347233789972961, 2074716.098531267838553 ], [ 4885846.78400853741914, 2074715.631727057741955 ], [ 4885865.795399226248264, 2074715.777823168551549 ], [ 4885870.254792656749487, 2074715.31675926130265 ], [ 4885874.098281431943178, 2074714.578883169451728 ], [ 4885938.662554369308054, 2074715.07481018290855 ], [ 4885949.144504450261593, 2074716.554462126456201 ], [ 4885952.110102620907128, 2074717.072065622778609 ], [ 4886017.218234462663531, 2074717.572013106895611 ], [ 4886021.627640714868903, 2074718.868931143544614 ], [ 4886025.692906279116869, 2074718.89989562286064 ], [ 4886031.607136967591941, 2074720.92177612404339 ], [ 4886037.470807517878711, 2074723.172378392657265 ], [ 4886044.088888050988317, 2074726.545222954126075 ], [ 4886046.982773212715983, 2074728.750439021969214 ], [ 4886048.851451454684138, 2074729.891606516903266 ], [ 4886054.032785321585834, 2074732.159010720206425 ], [ 4886057.729728238657117, 2074735.163705539889634 ], [ 4886061.660021613352001, 2074737.449626705376431 ], [ 4886065.428266889415681, 2074740.003884851466864 ], [ 4886069.391076146624982, 2074742.309208712074906 ], [ 4886075.59887552075088, 2074745.820573037024587 ], [ 4886080.162467210553586, 2074749.133432491449639 ], [ 4886082.765496473759413, 2074750.722422928083688 ], [ 4886085.981442392803729, 2074752.593204678269103 ], [ 4886091.318356744945049, 2074754.417786489473656 ], [ 4886095.918785518966615, 2074756.762405248824507 ], [ 4886100.096681866794825, 2074757.840853474568576 ], [ 4886104.071744095534086, 2074759.199964981991798 ], [ 4886107.402810630388558, 2074760.179307374870405 ], [ 4886111.816943899728358, 2074760.844762507593259 ], [ 4886116.366114174947143, 2074762.182369831483811 ], [ 4886118.434233280830085, 2074762.543481009081006 ], [ 4886134.338132384233177, 2074762.66555956332013 ], [ 4886138.818857955746353, 2074761.70596419996582 ], [ 4886141.819000202231109, 2074761.129685315070674 ], [ 4886145.898852858692408, 2074760.143048431025818 ], [ 4886150.025839056819677, 2074758.631525910226628 ], [ 4886154.459455442614853, 2074756.771445791469887 ], [ 4886160.266714906319976, 2074754.644464025041088 ], [ 4886164.564591309987009, 2074753.452069660415873 ], [ 4886167.925015574321151, 2074752.137714784126729 ], [ 4886170.455305116251111, 2074751.525986442575231 ], [ 4886179.506420818157494, 2074747.985914655029774 ], [ 4886187.906633145175874, 2074745.257172329816967 ], [ 4886197.456957691349089, 2074742.947577303042635 ], [ 4886198.956413111649454, 2074742.958869668189436 ], [ 4886201.949244070798159, 2074741.703513701213524 ], [ 4886208.091968797147274, 2074740.21789420908317 ], [ 4886226.034051168709993, 2074736.222248180070892 ], [ 4886234.426590160466731, 2074736.286688976688311 ], [ 4886237.58790906239301, 2074735.679788299137726 ], [ 4886245.494008886627853, 2074735.740409549558535 ], [ 4886249.348965444602072, 2074734.808036375325173 ], [ 4886254.016508169472218, 2074733.91182993305847 ], [ 4886260.046929958276451, 2074733.958061582176015 ], [ 4886268.894791507162154, 2074732.763452543411404 ], [ 4886271.737692093476653, 2074732.785383739043027 ], [ 4886278.064952070824802, 2074730.939787525683641 ], [ 4886283.06295258551836, 2074730.978134350851178 ], [ 4886288.902914685197175, 2074730.439490421907976 ], [ 4886296.505010086111724, 2074729.913415597984567 ], [ 4886298.634097827598453, 2074729.50462290388532 ], [ 4886304.89963630400598, 2074727.989436531439424 ], [ 4886307.328836051747203, 2074728.007883794838563 ], [ 4886312.394039558246732, 2074726.152859960217029 ], [ 4886317.840889509767294, 2074726.194532597670332 ], [ 4886324.163638701662421, 2074724.980627945857123 ], [ 4886328.765347092412412, 2074725.01590905059129 ], [ 4886332.567717131227255, 2074723.151014732895419 ], [ 4886339.17073243483901, 2074723.201721935765818 ], [ 4886344.866965099237859, 2074721.351416059536859 ], [ 4886352.601197192445397, 2074721.410862509859726 ], [ 4886355.762627623043954, 2074720.804077310487628 ], [ 4886364.428488606587052, 2074720.870454554213211 ], [ 4886369.483891719952226, 2074720.277926631271839 ], [ 4886379.073176800273359, 2074720.351578787900507 ], [ 4886384.557997480034828, 2074721.492343027843162 ], [ 4886389.246718793176115, 2074723.409834390040487 ], [ 4886395.049309596419334, 2074726.366825952893123 ], [ 4886399.961383646354079, 2074729.224330105353147 ], [ 4886404.694938709028065, 2074732.233384275343269 ], [ 4886417.618358417414129, 2074738.819785848958418 ], [ 4886424.831956885755062, 2074741.890537824947387 ], [ 4886429.030688986182213, 2074743.728293334832415 ], [ 4886434.409520315006375, 2074745.792644690023735 ], [ 4886438.439806913025677, 2074747.846695055253804 ], [ 4886442.244106487371027, 2074749.511965838959441 ], [ 4886447.623047625645995, 2074751.576207273639739 ], [ 4886449.688512320630252, 2074752.628908428130671 ], [ 4886452.784958833828568, 2074753.539426731411368 ], [ 4886458.312881224788725, 2074754.966466500191018 ], [ 4886462.558876250870526, 2074756.59628350706771 ], [ 4886471.679937018081546, 2074757.680698459967971 ], [ 4886476.815093683078885, 2074757.720073083648458 ], [ 4886479.759223131462932, 2074756.903196547180414 ], [ 4886485.310386266559362, 2074755.560799777973443 ], [ 4886487.121334576047957, 2074755.212814762955531 ], [ 4886492.286562311463058, 2074752.679783273721114 ], [ 4886497.199116224423051, 2074750.619002020685002 ], [ 4886499.296002849005163, 2074749.798719053855166 ], [ 4886500.982105227187276, 2074748.693253216566518 ], [ 4886513.603607445955276, 2074736.264048312557861 ], [ 4886515.502139043994248, 2074733.92784469621256 ], [ 4886518.374392552301288, 2074729.971348275430501 ], [ 4886523.449801440350711, 2074722.483802874572575 ], [ 4886528.06496203597635, 2074715.997052220394835 ], [ 4886533.621992269530892, 2074708.477974027395248 ], [ 4886540.012172600254416, 2074701.486588724190369 ], [ 4886549.527054755017161, 2074692.116659192834049 ], [ 4886555.217806738801301, 2074685.813340470660478 ], [ 4886561.587263385765254, 2074681.111995368497446 ], [ 4886565.516005919314921, 2074678.536234424449503 ], [ 4886571.558695341460407, 2074674.289786970242858 ], [ 4886575.843055784702301, 2074673.101194720249623 ], [ 4886582.513121912255883, 2074668.178171459818259 ], [ 4886589.635666691698134, 2074664.684943780070171 ], [ 4886595.864310895092785, 2074662.956992881838232 ], [ 4886599.575626090168953, 2074662.367763147223741 ], [ 4886606.904497758485377, 2074660.230426992522553 ], [ 4886611.833196935243905, 2074660.268344138748944 ], [ 4886614.12109636515379, 2074660.031837310176343 ], [ 4886617.924033733084798, 2074657.789784597000107 ], [ 4886667.64711915422231, 2074658.171437431126833 ], [ 4886677.665842112153769, 2074662.818880614591762 ], [ 4886679.262720792554319, 2074663.793806323083118 ], [ 4886682.296967669390142, 2074664.250777167733759 ], [ 4886686.883495779708028, 2074665.819219749886543 ], [ 4886690.547891704365611, 2074666.896456309827045 ], [ 4886693.965932463295758, 2074667.60726558836177 ], [ 4886698.451175631955266, 2074669.141045090043917 ], [ 4886723.438505001366138, 2074669.332704152679071 ], [ 4886726.484730823896825, 2074668.343513912521303 ], [ 4886730.643818062730134, 2074667.855972794117406 ], [ 4886732.992036230862141, 2074666.70424129255116 ], [ 4886734.918489108793437, 2074665.950740991393104 ], [ 4886736.343447665683925, 2074664.828531768871471 ], [ 4886741.808824926614761, 2074655.876170485746115 ], [ 4886746.27055440377444, 2074650.386247708462179 ], [ 4886747.278867200016975, 2074647.9202795852907 ], [ 4886751.46170155890286, 2074641.340572906890884 ], [ 4886757.4546172702685, 2074633.966426152503118 ], [ 4886759.452266862615943, 2074631.999082444002852 ], [ 4886762.637943056412041, 2074628.235647802008316 ], [ 4886771.556285633705556, 2074619.453322287416086 ], [ 4886774.309047194197774, 2074617.648327654227614 ], [ 4886776.15579766407609, 2074614.923651872901246 ], [ 4886780.117440342903137, 2074611.02283113845624 ], [ 4886782.125241040252149, 2074608.257032612804323 ], [ 4886784.523517307825387, 2074603.551090975059196 ], [ 4886790.761942630633712, 2074597.407682441873476 ], [ 4886795.210123301483691, 2074593.654019680339843 ], [ 4886798.767520087771118, 2074590.150742472847924 ], [ 4886803.026269923895597, 2074584.761131863575429 ], [ 4886809.280426090583205, 2074577.918721554102376 ], [ 4886815.062790194526315, 2074572.22454168763943 ], [ 4886820.419839236885309, 2074569.065767171559855 ], [ 4886826.757285319268703, 2074566.587089970940724 ], [ 4886828.860049969516695, 2074566.603044740855694 ], [ 4886829.231072217226028, 2074566.384578670375049 ], [ 4886841.063647518865764, 2074559.929148871218786 ], [ 4886844.171638503670692, 2074558.405002429150045 ], [ 4886849.422633666545153, 2074556.202192524680868 ], [ 4886857.539930491708219, 2074553.565335356397554 ], [ 4886860.458786950446665, 2074553.587952748173848 ], [ 4886863.614326034672558, 2074552.431849773740396 ], [ 4886869.327532932162285, 2074550.576148122083396 ], [ 4886869.454206112772226, 2074550.532423003576696 ], [ 4886877.067345261573792, 2074547.830214394023642 ], [ 4886885.534054085612297, 2074546.204358988208696 ], [ 4886890.814363065175712, 2074546.244989905506372 ], [ 4886896.743230837397277, 2074547.138376166112721 ], [ 4886905.392282187007368, 2074549.371296063764021 ], [ 4886909.367552733048797, 2074550.730336986249313 ], [ 4886911.838585588149726, 2074551.45722839073278 ], [ 4886916.194027268327773, 2074551.490472406614572 ], [ 4886919.967203967273235, 2074553.41352263558656 ], [ 4886927.37666651327163, 2074553.470517029985785 ], [ 4886932.902504385448992, 2074554.303267497802153 ], [ 4886938.964023751206696, 2074555.453622950008139 ], [ 4886958.160121276974678, 2074555.60105177341029 ], [ 4886960.154509173706174, 2074554.820826509967446 ], [ 4886965.655874270945787, 2074553.764653669437394 ], [ 4886967.852888070978224, 2074553.781359665794298 ], [ 4886970.216727973893285, 2074552.387706090230495 ], [ 4886976.995642565190792, 2074551.472240502946079 ], [ 4886981.665637584403157, 2074550.730903994524851 ], [ 4886986.843822288326919, 2074550.770584292476997 ], [ 4886992.115901826880872, 2074549.495602996088564 ], [ 4886998.448365132324398, 2074547.01882721693255 ], [ 4887003.359654731117189, 2074545.831010276684538 ], [ 4887007.194015769287944, 2074544.222382551059127 ], [ 4887014.157730408012867, 2074541.750439764698967 ], [ 4887018.921926349401474, 2074539.751909045735374 ], [ 4887025.249318527989089, 2074537.9066017344594 ], [ 4887027.466249638237059, 2074536.976755850017071 ], [ 4887028.767058289609849, 2074535.952203893102705 ], [ 4887031.947788156569004, 2074532.820028774440289 ], [ 4887034.576873007230461, 2074530.749446196714416 ], [ 4887038.271261329762638, 2074526.203978377394378 ], [ 4887039.501776738092303, 2074524.188025891315192 ], [ 4887041.485999391414225, 2074520.29439786192961 ], [ 4887045.015285566449165, 2074516.81902457238175 ], [ 4887046.570134233683348, 2074514.27215062151663 ], [ 4887049.728152165189385, 2074510.386436585336924 ], [ 4887052.913513073697686, 2074506.62279753270559 ], [ 4887058.012475496158004, 2074500.348675933433697 ], [ 4887060.847942971624434, 2074496.998965078033507 ], [ 4887063.331905826926231, 2074493.334144881227985 ], [ 4887066.659270749427378, 2074489.23976329038851 ], [ 4887069.451921071857214, 2074486.489967366214842 ], [ 4887071.616343774832785, 2074483.296386329457164 ], [ 4887073.673506804741919, 2074480.76536225550808 ], [ 4887075.213365504518151, 2074477.743425229564309 ], [ 4887076.93978485930711, 2074474.915385427884758 ], [ 4887077.92469469923526, 2074472.665175389498472 ], [ 4887078.361270364373922, 2074470.165342241059989 ], [ 4887078.805910009890795, 2074468.027309635654092 ], [ 4887078.865242764353752, 2074460.303516360232607 ], [ 4887081.60784774646163, 2074457.602860479149967 ], [ 4887081.637539162300527, 2074457.432741416152567 ], [ 4887083.215428380295634, 2074450.581220438238233 ], [ 4887085.207203404046595, 2074445.39151341537945 ], [ 4887086.22095534298569, 2074441.465476782992482 ], [ 4887089.050353183411062, 2074437.290924272034317 ], [ 4887090.521718271076679, 2074432.987383376574144 ], [ 4887092.585958924144506, 2074427.60892997845076 ], [ 4887097.124096205458045, 2074416.511388757266104 ], [ 4887108.626224633306265, 2074416.599939998006448 ], [ 4887113.107414050027728, 2074415.640296555589885 ], [ 4887116.847049350850284, 2074414.921977367950603 ], [ 4887123.127714755944908, 2074414.185944764409214 ], [ 4887126.691020114347339, 2074414.213165801018476 ], [ 4887130.297835214063525, 2074412.892424526857212 ], [ 4887137.543244781903923, 2074411.139955431688577 ], [ 4887143.525885740295053, 2074411.185887899249792 ], [ 4887145.670611591078341, 2074410.774004325270653 ], [ 4887148.694634422659874, 2074410.293878620956093 ], [ 4887152.29955985955894, 2074409.122883258387446 ], [ 4887158.963307943195105, 2074407.843139023752883 ], [ 4887165.793724077753723, 2074406.036791611928493 ], [ 4887176.326798188500106, 2074403.780833854572847 ], [ 4887188.21410050150007, 2074398.793966522207484 ], [ 4887190.989030656404793, 2074397.432990528875962 ], [ 4887196.332188574597239, 2074393.930248198565096 ], [ 4887198.533909947611392, 2074391.220655443845317 ], [ 4887202.701829334720969, 2074387.938646167051047 ], [ 4887206.350246663205326, 2074384.945490124635398 ], [ 4887208.804923602379858, 2074382.873841776978225 ], [ 4887210.728126903995872, 2074379.100655271904543 ], [ 4887216.055768001824617, 2074374.604445919860154 ], [ 4887219.589597666636109, 2074369.967609670013189 ], [ 4887231.772688477300107, 2074357.970076255965978 ], [ 4887236.216047776862979, 2074354.847469643456861 ], [ 4887237.583036348223686, 2074353.501351138111204 ], [ 4887238.338411395438015, 2074351.775518242036924 ], [ 4887239.536954304203391, 2074348.270153705729172 ], [ 4887241.717195378616452, 2074342.589182096300647 ], [ 4887245.942200363613665, 2074333.617008071625605 ], [ 4887249.625611540861428, 2074326.985792168416083 ], [ 4887250.720459173433483, 2074324.30830309423618 ], [ 4887255.858163987286389, 2074312.983916434226558 ], [ 4887257.252440825104713, 2074309.574192819418386 ], [ 4887260.270043068565428, 2074303.653087611310184 ], [ 4887263.958191195502877, 2074297.611993274418637 ], [ 4887266.573964253999293, 2074291.845852857222781 ], [ 4887269.443359529599547, 2074287.332647781586275 ], [ 4887270.974692245945334, 2074282.852983051212505 ], [ 4887274.094434599392116, 2074279.014415728626773 ], [ 4887275.574379778467119, 2074276.111039446201175 ], [ 4887277.357239507138729, 2074273.045658776769415 ], [ 4887278.519737343303859, 2074267.997397413942963 ], [ 4887281.570554581470788, 2074261.272391049191356 ], [ 4887283.498397062532604, 2074256.867964138975367 ], [ 4887286.218956067226827, 2074250.871700882446021 ], [ 4887290.623301137238741, 2074242.229699484538287 ], [ 4887291.344818077981472, 2074238.096109771169722 ], [ 4887295.093816487118602, 2074231.650792712345719 ], [ 4887296.831090932711959, 2074228.80506351380609 ], [ 4887298.75430313963443, 2074225.031660065753385 ], [ 4887300.207950010895729, 2074222.650375176919624 ], [ 4887301.343341589905322, 2074219.329656846355647 ], [ 4887307.672894194722176, 2074206.910383353941143 ], [ 4887310.472892942838371, 2074202.096250274218619 ], [ 4887311.938819414936006, 2074199.694835105445236 ], [ 4887313.547454636543989, 2074195.761646359227598 ], [ 4887318.059279087930918, 2074190.209592203842476 ], [ 4887321.968858724460006, 2074187.002229296602309 ], [ 4887325.15446890424937, 2074183.238717608619481 ], [ 4887331.373404838144779, 2074178.13662940915674 ], [ 4887336.508401271887124, 2074176.128416972002015 ], [ 4887341.085258153267205, 2074174.451990473782644 ], [ 4887343.601253125816584, 2074173.218152030138299 ], [ 4887348.999599183909595, 2074169.678877004422247 ], [ 4887353.584811483509839, 2074168.95073131727986 ], [ 4887357.557307065464556, 2074167.002438394352794 ], [ 4887362.888976785354316, 2074165.049641375429928 ], [ 4887368.59000433050096, 2074162.568070527398959 ], [ 4887373.876459185965359, 2074160.632026787381619 ], [ 4887376.432377334684134, 2074159.63219354650937 ], [ 4887382.537049224600196, 2074156.638266297755763 ], [ 4887386.349193751811981, 2074155.906376368366182 ], [ 4887391.414225270040333, 2074154.050994908204302 ], [ 4887396.015292128548026, 2074153.167672166833654 ], [ 4887400.774612763896585, 2074152.609906685771421 ], [ 4887405.390644691884518, 2074151.493385470937937 ], [ 4887408.713274297304451, 2074150.855584788369015 ], [ 4887413.284708574414253, 2074149.876382676884532 ], [ 4887416.575354585424066, 2074148.589378489879891 ], [ 4887422.898149625398219, 2074147.375245547154918 ], [ 4887426.064346611499786, 2074146.136935582151636 ], [ 4887429.225799494422972, 2074145.529758877586573 ], [ 4887432.39199645165354, 2074144.291338692419231 ], [ 4887435.553117237985134, 2074143.684494285611436 ], [ 4887438.908703219145536, 2074142.371980020776391 ], [ 4887443.835796136409044, 2074141.589749217499048 ], [ 4887445.67358485609293, 2074141.236889394000173 ], [ 4887448.113809522241354, 2074140.282314103795215 ], [ 4887452.99949193559587, 2074138.695515769533813 ], [ 4887456.160945102572441, 2074138.088340262649581 ], [ 4887458.999280102550983, 2074137.16634421586059 ], [ 4887469.129237247630954, 2074133.456145121715963 ], [ 4887476.320610412396491, 2074131.120296824956313 ], [ 4887483.289003958925605, 2074128.017053596908227 ], [ 4887491.237784721888602, 2074125.435333455679938 ], [ 4887499.468907526694238, 2074122.341984970727935 ], [ 4887507.064032475464046, 2074119.874713125638664 ], [ 4887515.29493441618979, 2074116.781366898212582 ], [ 4887520.417128247208893, 2074115.117648540064692 ], [ 4887525.657656247727573, 2074112.547572976676747 ], [ 4887532.485838494263589, 2074110.556163283763453 ], [ 4887535.260293609462678, 2074109.470817340072244 ], [ 4887545.169054600410163, 2074105.841952862916514 ], [ 4887550.745426492765546, 2074103.414506433997303 ], [ 4887557.077825730666518, 2074100.937567183282226 ], [ 4887562.639350019395351, 2074098.516994824400172 ], [ 4887565.769405864179134, 2074097.203817365458235 ], [ 4887569.761426819488406, 2074094.257598428754136 ], [ 4887575.859700933098793, 2074089.971940008224919 ], [ 4887579.657154959626496, 2074088.738584752427414 ], [ 4887583.081356389448047, 2074086.332366084447131 ], [ 4887588.826672734692693, 2074083.107235119910911 ], [ 4887591.992873877286911, 2074081.869043557206169 ], [ 4887595.300223202444613, 2074080.012673594290391 ], [ 4887598.190049980767071, 2074078.118005597731099 ], [ 4887601.048514101654291, 2074075.773052293574437 ], [ 4887604.31841725576669, 2074072.55292566283606 ], [ 4887607.494331613183022, 2074070.052026984049007 ], [ 4887611.063301205635071, 2074066.537511789239943 ], [ 4887614.283353655599058, 2074064.426320717670023 ], [ 4887615.688831383362412, 2074062.696794843766838 ], [ 4887619.321105136536062, 2074058.405741684837267 ], [ 4887622.097622886300087, 2074055.671357708051801 ], [ 4887624.020744621753693, 2074051.898187980987132 ], [ 4887625.951441552489996, 2074049.997056580148637 ], [ 4887626.070368512533605, 2074049.424440512433648 ], [ 4887627.84884834010154, 2074045.075387653894722 ], [ 4887629.984820854850113, 2074040.195369275053963 ], [ 4887632.548799220472574, 2074035.164219229016453 ], [ 4887634.789211654104292, 2074030.045679403701797 ], [ 4887637.257395248860121, 2074026.404559073736891 ], [ 4887638.752574918791652, 2074022.748484450392425 ], [ 4887641.39994059689343, 2074019.490688515594229 ], [ 4887643.378647645004094, 2074014.969504122622311 ], [ 4887646.564279305748641, 2074011.206010622903705 ], [ 4887647.908837960101664, 2074008.134643615456298 ], [ 4887650.351414407603443, 2074003.34181975084357 ], [ 4887654.73189823422581, 2073996.879375067539513 ], [ 4887661.112767245620489, 2073988.08946125395596 ], [ 4887663.117787719704211, 2073985.131190818734467 ], [ 4887666.628020724281669, 2073978.244092394597828 ], [ 4887670.319079487584531, 2073973.883447404950857 ], [ 4887674.886558696627617, 2073967.1447905942332 ], [ 4887676.128605581820011, 2073965.110492628766224 ], [ 4887677.528764561749995, 2073961.686296868603677 ], [ 4887678.805844128131866, 2073959.801911387126893 ], [ 4887679.461727575398982, 2073958.198453781427816 ], [ 4887679.979138885624707, 2073956.684930061921477 ], [ 4887679.997465037740767, 2073954.318099109921604 ], [ 4887680.652894632890821, 2073951.166610321495682 ], [ 4887680.848390964791179, 2073925.751663998700678 ], [ 4887680.023817592300475, 2073921.010511281667277 ], [ 4887678.380975463427603, 2073916.525263045215979 ], [ 4887677.090606855228543, 2073911.873299650382251 ], [ 4887675.223965209908783, 2073906.127116524381563 ], [ 4887673.218486811965704, 2073903.068307910114527 ], [ 4887671.442943466827273, 2073899.447443216806278 ], [ 4887669.079212309792638, 2073896.084141115657985 ], [ 4887666.919731233268976, 2073893.341835427796468 ], [ 4887665.280214549042284, 2073891.398877823958173 ], [ 4887662.59985358081758, 2073890.302934651263058 ], [ 4887659.090983588248491, 2073886.739709698129445 ], [ 4887654.16867358982563, 2073884.231021954445168 ], [ 4887652.471677996218204, 2073881.642765568103641 ], [ 4887650.483519679866731, 2073880.295298871118575 ], [ 4887645.03137615416199, 2073876.140324784675613 ], [ 4887641.461474877782166, 2073873.239035953534767 ], [ 4887634.988903496414423, 2073867.322998282965273 ], [ 4887630.243649097159505, 2073863.106115897418931 ], [ 4887627.223142140544951, 2073860.65160433575511 ], [ 4887623.873544851318002, 2073857.816194684011862 ], [ 4887606.53272333368659, 2073846.062393247615546 ], [ 4887601.941886858083308, 2073844.052848918829113 ], [ 4887596.766405762173235, 2073840.295758856926113 ], [ 4887591.910118415020406, 2073837.208345524966717 ], [ 4887586.351414574310184, 2073833.440646266099066 ], [ 4887582.564586410298944, 2073831.128693063976243 ], [ 4887578.822300422005355, 2073827.870705252978951 ], [ 4887574.615465228445828, 2073826.029469271423295 ], [ 4887570.426892144605517, 2073822.625587486894801 ], [ 4887568.476442511193454, 2073821.209551379084587 ], [ 4887564.974309118464589, 2073820.481026479974389 ], [ 4887559.899974374100566, 2073816.357118330430239 ], [ 4887555.556717567145824, 2073813.41318396688439 ], [ 4887547.508249786682427, 2073805.240142634836957 ], [ 4887543.545362756587565, 2073801.79018530016765 ], [ 4887534.858509349636734, 2073794.437389980768785 ], [ 4887531.16690047737211, 2073789.184061818290502 ], [ 4887526.142992700450122, 2073783.353025187505409 ], [ 4887522.274834007024765, 2073775.465599908959121 ], [ 4887522.299226111732423, 2073772.309050507145002 ], [ 4887519.752778344787657, 2073767.117063611978665 ], [ 4887517.99028426874429, 2073757.937829824863002 ], [ 4887518.170589805580676, 2073734.473627886036411 ], [ 4887520.658601295202971, 2073727.196014680434018 ], [ 4887523.421776340343058, 2073723.119497263105586 ], [ 4887526.876211626455188, 2073714.672063670819625 ], [ 4887537.945105420425534, 2073712.914692837977782 ], [ 4887541.259087380021811, 2073712.572198947425932 ], [ 4887542.4956986149773, 2073711.843147546518594 ], [ 4887547.525287072174251, 2073709.376379508059472 ], [ 4887555.120345171540976, 2073706.909453372471035 ], [ 4887566.196920938789845, 2073701.477156901266426 ], [ 4887571.240749405696988, 2073699.504352505551651 ], [ 4887578.027718087658286, 2073698.588061446323991 ], [ 4887581.662016600370407, 2073698.615981731796637 ], [ 4887586.669079239480197, 2073697.291596957482398 ], [ 4887592.064165947027504, 2073695.539088478079066 ], [ 4887607.527232298627496, 2073695.658060385612771 ], [ 4887616.777947242371738, 2073699.948910140898079 ], [ 4887619.545190493576229, 2073701.160101239569485 ], [ 4887623.670550726354122, 2073701.781642457237467 ], [ 4887628.602741913869977, 2073703.674772819271311 ], [ 4887632.643155078403652, 2073704.211343595059589 ], [ 4887635.030930477194488, 2073704.708077946910635 ], [ 4887639.898578515276313, 2073704.745497958734632 ], [ 4887644.554254896007478, 2073707.118200929136947 ], [ 4887651.226004453375936, 2073708.197129172738642 ], [ 4887655.963995371945202, 2073709.28834435576573 ], [ 4887659.287044118158519, 2073709.313732216134667 ], [ 4887666.848100619390607, 2073711.265962630743161 ], [ 4887671.898371720686555, 2073711.304668932920322 ], [ 4887680.067839171737432, 2073713.413944758707657 ], [ 4887686.508732508867979, 2073714.108189163496718 ], [ 4887692.832317497581244, 2073715.884832586161792 ], [ 4887695.981501509435475, 2073715.909035407705233 ], [ 4887699.764291450381279, 2073716.569641285343096 ], [ 4887720.0489780921489, 2073716.725351018365473 ], [ 4887725.104328226298094, 2073716.133038219530135 ], [ 4887726.631849971599877, 2073716.144544885493815 ], [ 4887730.355424353852868, 2073713.949203118681908 ], [ 4887740.999473247677088, 2073710.996307021006942 ], [ 4887744.464760532602668, 2073710.158296226756647 ], [ 4887747.65085054282099, 2073709.784831231692806 ], [ 4887749.413372308947146, 2073708.745708448113874 ], [ 4887754.029439860954881, 2073706.940292139071971 ], [ 4887761.169662018306553, 2073704.857733952114359 ], [ 4887765.179410948418081, 2073703.888097030110657 ], [ 4887767.390051912516356, 2073702.804015841800719 ], [ 4887775.318431738764048, 2073698.260251495288685 ], [ 4887780.385439227335155, 2073696.134702955372632 ], [ 4887785.309716675430536, 2073693.991346728056669 ], [ 4887786.991142264567316, 2073692.99986105854623 ], [ 4887789.619154410436749, 2073690.844112889608368 ], [ 4887793.132567463442683, 2073687.38428398501128 ], [ 4887798.938343805260956, 2073683.304291435983032 ], [ 4887802.969410370104015, 2073681.041763716144487 ], [ 4887805.493759465403855, 2073678.970484749879688 ], [ 4887806.826888161711395, 2073677.65769350877963 ], [ 4887808.430594416335225, 2073674.511144186835736 ], [ 4887816.992154468782246, 2073663.976364033995196 ], [ 4887819.322037084959447, 2073661.223736332263798 ], [ 4887821.385272504761815, 2073657.175093095982447 ], [ 4887823.944532046094537, 2073652.775419075740501 ], [ 4887826.11535338498652, 2073648.516209522960708 ], [ 4887828.058270700275898, 2073643.764340131543577 ], [ 4887828.921071941964328, 2073639.617630786262453 ], [ 4887831.857738333754241, 2073634.807200150098652 ], [ 4887834.931556975468993, 2073629.37307246774435 ], [ 4887838.322200063616037, 2073623.268464791821316 ], [ 4887840.04318605363369, 2073618.784571215277538 ], [ 4887842.372817114926875, 2073613.461912970989943 ], [ 4887845.608783347532153, 2073607.898918986087665 ], [ 4887848.594908929429948, 2073603.785739686805755 ], [ 4887850.547467805445194, 2073599.954741541296244 ], [ 4887852.475030913949013, 2073595.550119419815019 ], [ 4887855.65093962661922, 2073589.319176521617919 ], [ 4887859.190601865760982, 2073584.443233204772696 ], [ 4887864.858605089597404, 2073575.527285957941785 ], [ 4887866.083600234240294, 2073572.728617106564343 ], [ 4887867.23337356839329, 2073568.818099786993116 ], [ 4887868.900246435776353, 2073563.943741175113246 ], [ 4887871.107671369798481, 2073559.612097122939304 ], [ 4887871.835465976037085, 2073556.113395338878036 ], [ 4887875.054292551241815, 2073550.579603008693084 ], [ 4887876.487506838515401, 2073547.305108965141699 ], [ 4887877.729932211339474, 2073543.671287761069834 ], [ 4887879.017076725140214, 2073540.524311594665051 ], [ 4887880.589872946031392, 2073535.923712570220232 ], [ 4887883.596442760899663, 2073530.754799719667062 ], [ 4887888.400395070202649, 2073521.32854308350943 ], [ 4887891.791683317162097, 2073513.580537594622001 ], [ 4887892.279620513319969, 2073511.920743436086923 ] ] ] ] } }
]
}
